{"ts": "2026-05-22T08:22:54.469153Z", "event": "projection_no_changes", "details": {"path": "topology_compact.json"}}
{"ts": "2026-05-22T08:22:54.470454Z", "event": "projection_no_changes", "details": {"path": "compact_bundle.json"}}
{"ts": "2026-05-22T08:22:54.471087Z", "event": "projection_no_changes", "details": {"path": "active_context.json"}}
{"ts": "2026-05-22T08:22:54.474355Z", "event": "projection_refresh_started", "details": {"trigger": "runtime_topology", "reachable_files": 28, "edge_count": 49}}
{"ts": "2026-05-22T08:22:54.474435Z", "event": "topology_compact_refreshed", "details": {"edge_count": 49}}
{"ts": "2026-05-22T08:22:54.474491Z", "event": "locality_index_refreshed", "details": {"payload_count": 28}}
{"ts": "2026-05-22T08:22:54.474542Z", "event": "compact_bundle_refreshed", "details": {"context_count": 21}}
{"ts": "2026-05-22T08:22:54.474588Z", "event": "active_context_refreshed", "details": {"activated_objects": 20}}
{"ts": "2026-05-22T08:22:54.474641Z", "event": "projection_refresh_completed", "details": {"trigger": "runtime_topology"}}
{"ts": "2026-05-22T08:22:54.474758Z", "event": "projection_skipped", "details": {"reason": "throttled", "trigger": "runtime_topology"}}
{"ts": "2026-05-22T08:23:24.138491Z", "event": "projection_no_changes", "details": {"path": "locality_index.json"}}
{"ts": "2026-05-22T08:23:24.139208Z", "event": "projection_no_changes", "details": {"path": "topology_compact.json"}}
{"ts": "2026-05-22T08:23:24.139955Z", "event": "projection_no_changes", "details": {"path": "compact_bundle.json"}}
{"ts": "2026-05-22T08:23:24.140720Z", "event": "projection_no_changes", "details": {"path": "active_context.json"}}
{"ts": "2026-05-22T08:23:24.144336Z", "event": "projection_refresh_started", "details": {"trigger": "runtime_topology", "reachable_files": 28, "edge_count": 49}}
{"ts": "2026-05-22T08:23:24.144461Z", "event": "topology_compact_refreshed", "details": {"edge_count": 49}}
{"ts": "2026-05-22T08:23:24.144520Z", "event": "locality_index_refreshed", "details": {"payload_count": 28}}
{"ts": "2026-05-22T08:23:24.144573Z", "event": "compact_bundle_refreshed", "details": {"context_count": 21}}
{"ts": "2026-05-22T08:23:24.144625Z", "event": "active_context_refreshed", "details": {"activated_objects": 20}}
{"ts": "2026-05-22T08:23:24.144674Z", "event": "projection_refresh_completed", "details": {"trigger": "runtime_topology"}}
{"ts": "2026-05-22T08:23:24.144794Z", "event": "projection_skipped", "details": {"reason": "throttled", "trigger": "runtime_topology"}}
{"ts": "2026-05-22T08:23:33.687217Z", "event": "projection_no_changes", "details": {"path": "locality_index.json"}}
{"ts": "2026-05-22T08:23:33.687829Z", "event": "projection_no_changes", "details": {"path": "topology_compact.json"}}
{"ts": "2026-05-22T08:23:33.688482Z", "event": "projection_no_changes", "details": {"path": "compact_bundle.json"}}
{"ts": "2026-05-22T08:23:33.689192Z", "event": "projection_no_changes", "details": {"path": "active_context.json"}}
{"ts": "2026-05-22T08:23:33.692320Z", "event": "projection_refresh_started", "details": {"trigger": "runtime_topology", "reachable_files": 28, "edge_count": 49}}
{"ts": "2026-05-22T08:23:33.692393Z", "event": "topology_compact_refreshed", "details": {"edge_count": 49}}
{"ts": "2026-05-22T08:23:33.692448Z", "event": "locality_index_refreshed", "details": {"payload_count": 28}}
{"ts": "2026-05-22T08:23:33.692497Z", "event": "compact_bundle_refreshed", "details": {"context_count": 21}}
{"ts": "2026-05-22T08:23:33.692605Z", "event": "active_context_refreshed", "details": {"activated_objects": 20}}
{"ts": "2026-05-22T08:23:33.692929Z", "event": "projection_refresh_completed", "details": {"trigger": "runtime_topology"}}
{"ts": "2026-05-22T08:23:50.015567Z", "event": "projection_no_changes", "details": {"path": "locality_index.json"}}
{"ts": "2026-05-22T08:23:50.016302Z", "event": "projection_no_changes", "details": {"path": "topology_compact.json"}}
{"ts": "2026-05-22T08:23:50.017030Z", "event": "projection_no_changes", "details": {"path": "compact_bundle.json"}}
{"ts": "2026-05-22T08:23:50.017739Z", "event": "projection_no_changes", "details": {"path": "active_context.json"}}
{"ts": "2026-05-22T08:23:50.021075Z", "event": "projection_refresh_started", "details": {"trigger": "runtime_topology", "reachable_files": 28, "edge_count": 49}}
{"ts": "2026-05-22T08:23:50.021161Z", "event": "topology_compact_refreshed", "details": {"edge_count": 49}}
{"ts": "2026-05-22T08:23:50.021234Z", "event": "locality_index_refreshed", "details": {"payload_count": 28}}
{"ts": "2026-05-22T08:23:50.021300Z", "event": "compact_bundle_refreshed", "details": {"context_count": 21}}
{"ts": "2026-05-22T08:23:50.021366Z", "event": "active_context_refreshed", "details": {"activated_objects": 20}}
{"ts": "2026-05-22T08:23:50.021456Z", "event": "projection_refresh_completed", "details": {"trigger": "runtime_topology"}}
{"ts": "2026-05-22T08:23:50.021593Z", "event": "projection_skipped", "details": {"reason": "throttled", "trigger": "runtime_topology"}}
{"ts": "2026-05-22T08:23:50.442460Z", "event": "projection_no_changes", "details": {"path": "locality_index.json"}}
{"ts": "2026-05-22T08:23:50.442756Z", "event": "projection_no_changes", "details": {"path": "topology_compact.json"}}
{"ts": "2026-05-22T08:23:50.443295Z", "event": "projection_no_changes", "details": {"path": "compact_bundle.json"}}
{"ts": "2026-05-22T08:23:50.444229Z", "event": "projection_no_changes", "details": {"path": "active_context.json"}}
{"ts": "2026-05-22T08:23:50.451800Z", "event": "projection_refresh_started", "details": {"trigger": "runtime_topology", "reachable_files": 28, "edge_count": 49}}
{"ts": "2026-05-22T08:23:50.451949Z", "event": "topology_compact_refreshed", "details": {"edge_count": 49}}
{"ts": "2026-05-22T08:23:50.456530Z", "event": "locality_index_refreshed", "details": {"payload_count": 28}}
{"ts": "2026-05-22T08:23:50.457077Z", "event": "compact_bundle_refreshed", "details": {"context_count": 21}}
{"ts": "2026-05-22T08:23:50.457249Z", "event": "active_context_refreshed", "details": {"activated_objects": 20}}
{"ts": "2026-05-22T08:23:50.457327Z", "event": "projection_refresh_completed", "details": {"trigger": "runtime_topology"}}
{"ts": "2026-05-22T08:23:50.457471Z", "event": "projection_skipped", "details": {"reason": "throttled", "trigger": "runtime_topology"}}
{"ts": "2026-05-22T08:23:59.250022Z", "event": "projection_no_changes", "details": {"path": "locality_index.json"}}
{"ts": "2026-05-22T08:23:59.250594Z", "event": "projection_no_changes", "details": {"path": "topology_compact.json"}}
{"ts": "2026-05-22T08:23:59.251145Z", "event": "projection_no_changes", "details": {"path": "compact_bundle.json"}}
{"ts": "2026-05-22T08:23:59.251809Z", "event": "projection_no_changes", "details": {"path": "active_context.json"}}
{"ts": "2026-05-22T08:23:59.254620Z", "event": "projection_refresh_started", "details": {"trigger": "runtime_topology", "reachable_files": 28, "edge_count": 49}}
{"ts": "2026-05-22T08:23:59.254699Z", "event": "topology_compact_refreshed", "details": {"edge_count": 49}}
{"ts": "2026-05-22T08:23:59.254761Z", "event": "locality_index_refreshed", "details": {"payload_count": 28}}
{"ts": "2026-05-22T08:23:59.254817Z", "event": "compact_bundle_refreshed", "details": {"context_count": 21}}
{"ts": "2026-05-22T08:23:59.254867Z", "event": "active_context_refreshed", "details": {"activated_objects": 20}}
{"ts": "2026-05-22T08:23:59.254923Z", "event": "projection_refresh_completed", "details": {"trigger": "runtime_topology"}}
{"ts": "2026-05-22T08:23:59.255120Z", "event": "projection_skipped", "details": {"reason": "throttled", "trigger": "runtime_topology"}}
{"ts": "2026-05-22T08:24:33.141952Z", "event": "projection_no_changes", "details": {"path": "locality_index.json"}}
{"ts": "2026-05-22T08:24:33.143015Z", "event": "projection_no_changes", "details": {"path": "topology_compact.json"}}
{"ts": "2026-05-22T08:24:33.143829Z", "event": "projection_no_changes", "details": {"path": "compact_bundle.json"}}
{"ts": "2026-05-22T08:24:33.144563Z", "event": "projection_no_changes", "details": {"path": "active_context.json"}}
{"ts": "2026-05-22T08:24:33.147520Z", "event": "projection_refresh_started", "details": {"trigger": "runtime_topology", "reachable_files": 28, "edge_count": 49}}
{"ts": "2026-05-22T08:24:33.147606Z", "event": "topology_compact_refreshed", "details": {"edge_count": 49}}
{"ts": "2026-05-22T08:24:33.147663Z", "event": "locality_index_refreshed", "details": {"payload_count": 28}}
{"ts": "2026-05-22T08:24:33.147863Z", "event": "compact_bundle_refreshed", "details": {"context_count": 21}}
{"ts": "2026-05-22T08:24:33.148097Z", "event": "active_context_refreshed", "details": {"activated_objects": 20}}
{"ts": "2026-05-22T08:24:33.148234Z", "event": "projection_refresh_completed", "details": {"trigger": "runtime_topology"}}
{"ts": "2026-05-22T08:24:33.148623Z", "event": "projection_skipped", "details": {"reason": "throttled", "trigger": "runtime_topology"}}
{"ts": "2026-05-22T08:27:29.202804Z", "event": "projection_no_changes", "details": {"path": "locality_index.json"}}
{"ts": "2026-05-22T08:27:29.204215Z", "event": "projection_no_changes", "details": {"path": "topology_compact.json"}}
{"ts": "2026-05-22T08:27:29.205419Z", "event": "projection_no_changes", "details": {"path": "compact_bundle.json"}}
{"ts": "2026-05-22T08:27:29.207027Z", "event": "projection_no_changes", "details": {"path": "active_context.json"}}
{"ts": "2026-05-22T08:27:29.214674Z", "event": "projection_refresh_started", "details": {"trigger": "runtime_topology", "reachable_files": 28, "edge_count": 49}}
{"ts": "2026-05-22T08:27:29.214817Z", "event": "topology_compact_refreshed", "details": {"edge_count": 49}}
{"ts": "2026-05-22T08:27:29.214890Z", "event": "locality_index_refreshed", "details": {"payload_count": 28}}
{"ts": "2026-05-22T08:27:29.216229Z", "event": "compact_bundle_refreshed", "details": {"context_count": 21}}
{"ts": "2026-05-22T08:27:29.216427Z", "event": "active_context_refreshed", "details": {"activated_objects": 20}}
{"ts": "2026-05-22T08:27:29.216565Z", "event": "projection_refresh_completed", "details": {"trigger": "runtime_topology"}}
{"ts": "2026-05-22T08:27:30.013473Z", "event": "projection_no_changes", "details": {"path": "locality_index.json"}}
{"ts": "2026-05-22T08:27:30.013805Z", "event": "projection_no_changes", "details": {"path": "topology_compact.json"}}
{"ts": "2026-05-22T08:27:30.014308Z", "event": "projection_no_changes", "details": {"path": "compact_bundle.json"}}
{"ts": "2026-05-22T08:27:30.015124Z", "event": "projection_no_changes", "details": {"path": "active_context.json"}}
{"ts": "2026-05-22T08:27:30.020219Z", "event": "projection_refresh_started", "details": {"trigger": "runtime_topology", "reachable_files": 28, "edge_count": 49}}
{"ts": "2026-05-22T08:27:30.020306Z", "event": "topology_compact_refreshed", "details": {"edge_count": 49}}
{"ts": "2026-05-22T08:27:30.020368Z", "event": "locality_index_refreshed", "details": {"payload_count": 28}}
{"ts": "2026-05-22T08:27:30.020432Z", "event": "compact_bundle_refreshed", "details": {"context_count": 21}}
{"ts": "2026-05-22T08:27:30.020487Z", "event": "active_context_refreshed", "details": {"activated_objects": 20}}
{"ts": "2026-05-22T08:27:30.020540Z", "event": "projection_refresh_completed", "details": {"trigger": "runtime_topology"}}
{"ts": "2026-05-22T08:27:30.020657Z", "event": "projection_skipped", "details": {"reason": "throttled", "trigger": "runtime_topology"}}
{"ts": "2026-05-22T09:05:15.673142Z", "event": "projection_no_changes", "details": {"path": "locality_index.json"}}
{"ts": "2026-05-22T09:05:15.674832Z", "event": "projection_no_changes", "details": {"path": "topology_compact.json"}}
{"ts": "2026-05-22T09:05:15.675665Z", "event": "projection_no_changes", "details": {"path": "compact_bundle.json"}}
{"ts": "2026-05-22T09:05:15.676521Z", "event": "projection_no_changes", "details": {"path": "active_context.json"}}
{"ts": "2026-05-22T09:05:15.682037Z", "event": "projection_refresh_started", "details": {"trigger": "runtime_topology", "reachable_files": 28, "edge_count": 49}}
{"ts": "2026-05-22T09:05:15.682136Z", "event": "topology_compact_refreshed", "details": {"edge_count": 49}}
{"ts": "2026-05-22T09:05:15.682198Z", "event": "locality_index_refreshed", "details": {"payload_count": 28}}
{"ts": "2026-05-22T09:05:15.682305Z", "event": "compact_bundle_refreshed", "details": {"context_count": 21}}
{"ts": "2026-05-22T09:05:15.682397Z", "event": "active_context_refreshed", "details": {"activated_objects": 20}}
{"ts": "2026-05-22T09:05:15.682464Z", "event": "projection_refresh_completed", "details": {"trigger": "runtime_topology"}}
{"ts": "2026-05-22T09:05:16.064346Z", "event": "projection_no_changes", "details": {"path": "locality_index.json"}}
{"ts": "2026-05-22T09:05:16.064636Z", "event": "projection_no_changes", "details": {"path": "topology_compact.json"}}
{"ts": "2026-05-22T09:05:16.065082Z", "event": "projection_no_changes", "details": {"path": "compact_bundle.json"}}
{"ts": "2026-05-22T09:05:16.065549Z", "event": "projection_no_changes", "details": {"path": "active_context.json"}}
{"ts": "2026-05-22T09:05:16.067419Z", "event": "projection_refresh_started", "details": {"trigger": "runtime_topology", "reachable_files": 28, "edge_count": 49}}
{"ts": "2026-05-22T09:05:16.067481Z", "event": "topology_compact_refreshed", "details": {"edge_count": 49}}
{"ts": "2026-05-22T09:05:16.067537Z", "event": "locality_index_refreshed", "details": {"payload_count": 28}}
{"ts": "2026-05-22T09:05:16.067592Z", "event": "compact_bundle_refreshed", "details": {"context_count": 21}}
{"ts": "2026-05-22T09:05:16.067645Z", "event": "active_context_refreshed", "details": {"activated_objects": 20}}
{"ts": "2026-05-22T09:05:16.067698Z", "event": "projection_refresh_completed", "details": {"trigger": "runtime_topology"}}
{"ts": "2026-05-22T09:05:16.067807Z", "event": "projection_skipped", "details": {"reason": "throttled", "trigger": "runtime_topology"}}
{"ts": "2026-05-22T09:05:16.420229Z", "event": "projection_no_changes", "details": {"path": "locality_index.json"}}
{"ts": "2026-05-22T09:05:16.420500Z", "event": "projection_no_changes", "details": {"path": "topology_compact.json"}}
{"ts": "2026-05-22T09:05:16.420959Z", "event": "projection_no_changes", "details": {"path": "compact_bundle.json"}}
{"ts": "2026-05-22T09:05:16.421429Z", "event": "projection_no_changes", "details": {"path": "active_context.json"}}
{"ts": "2026-05-22T09:05:16.423595Z", "event": "projection_refresh_started", "details": {"trigger": "runtime_topology", "reachable_files": 28, "edge_count": 49}}
{"ts": "2026-05-22T09:05:16.423667Z", "event": "topology_compact_refreshed", "details": {"edge_count": 49}}
{"ts": "2026-05-22T09:05:16.423724Z", "event": "locality_index_refreshed", "details": {"payload_count": 28}}
{"ts": "2026-05-22T09:05:16.423780Z", "event": "compact_bundle_refreshed", "details": {"context_count": 21}}
{"ts": "2026-05-22T09:05:16.423834Z", "event": "active_context_refreshed", "details": {"activated_objects": 20}}
{"ts": "2026-05-22T09:05:16.423886Z", "event": "projection_refresh_completed", "details": {"trigger": "runtime_topology"}}
{"ts": "2026-05-22T09:05:16.423992Z", "event": "projection_skipped", "details": {"reason": "throttled", "trigger": "runtime_topology"}}
{"ts": "2026-05-22T09:05:16.646432Z", "event": "projection_no_changes", "details": {"path": "locality_index.json"}}
{"ts": "2026-05-22T09:05:16.646715Z", "event": "projection_no_changes", "details": {"path": "topology_compact.json"}}
{"ts": "2026-05-22T09:05:16.647171Z", "event": "projection_no_changes", "details": {"path": "compact_bundle.json"}}
{"ts": "2026-05-22T09:05:16.647644Z", "event": "projection_no_changes", "details": {"path": "active_context.json"}}
{"ts": "2026-05-22T09:05:16.649486Z", "event": "projection_refresh_started", "details": {"trigger": "runtime_topology", "reachable_files": 28, "edge_count": 49}}
{"ts": "2026-05-22T09:05:16.649549Z", "event": "topology_compact_refreshed", "details": {"edge_count": 49}}
{"ts": "2026-05-22T09:05:16.649606Z", "event": "locality_index_refreshed", "details": {"payload_count": 28}}
{"ts": "2026-05-22T09:05:16.649662Z", "event": "compact_bundle_refreshed", "details": {"context_count": 21}}
{"ts": "2026-05-22T09:05:16.649718Z", "event": "active_context_refreshed", "details": {"activated_objects": 20}}
{"ts": "2026-05-22T09:05:16.649802Z", "event": "projection_refresh_completed", "details": {"trigger": "runtime_topology"}}
{"ts": "2026-05-22T09:05:16.649902Z", "event": "projection_skipped", "details": {"reason": "throttled", "trigger": "runtime_topology"}}
{"ts": "2026-05-22T09:05:16.859429Z", "event": "projection_no_changes", "details": {"path": "locality_index.json"}}
{"ts": "2026-05-22T09:05:16.859822Z", "event": "projection_no_changes", "details": {"path": "topology_compact.json"}}
{"ts": "2026-05-22T09:05:16.860322Z", "event": "projection_no_changes", "details": {"path": "compact_bundle.json"}}
{"ts": "2026-05-22T09:05:16.860811Z", "event": "projection_no_changes", "details": {"path": "active_context.json"}}
{"ts": "2026-05-22T09:05:16.862824Z", "event": "projection_refresh_started", "details": {"trigger": "runtime_topology", "reachable_files": 28, "edge_count": 49}}
{"ts": "2026-05-22T09:05:16.862888Z", "event": "topology_compact_refreshed", "details": {"edge_count": 49}}
{"ts": "2026-05-22T09:05:16.862939Z", "event": "locality_index_refreshed", "details": {"payload_count": 28}}
{"ts": "2026-05-22T09:05:16.862988Z", "event": "compact_bundle_refreshed", "details": {"context_count": 21}}
{"ts": "2026-05-22T09:05:16.863034Z", "event": "active_context_refreshed", "details": {"activated_objects": 20}}
{"ts": "2026-05-22T09:05:16.863079Z", "event": "projection_refresh_completed", "details": {"trigger": "runtime_topology"}}
{"ts": "2026-05-22T09:05:16.863179Z", "event": "projection_skipped", "details": {"reason": "throttled", "trigger": "runtime_topology"}}
{"ts": "2026-05-22T09:13:16.619553Z", "event": "projection_no_changes", "details": {"path": "locality_index.json"}}
{"ts": "2026-05-22T09:13:16.620839Z", "event": "projection_no_changes", "details": {"path": "topology_compact.json"}}
{"ts": "2026-05-22T09:13:16.622086Z", "event": "projection_no_changes", "details": {"path": "compact_bundle.json"}}
{"ts": "2026-05-22T09:13:16.623567Z", "event": "projection_no_changes", "details": {"path": "active_context.json"}}
{"ts": "2026-05-22T09:13:16.629168Z", "event": "projection_refresh_started", "details": {"trigger": "runtime_topology", "reachable_files": 28, "edge_count": 49}}
{"ts": "2026-05-22T09:13:16.629255Z", "event": "topology_compact_refreshed", "details": {"edge_count": 49}}
{"ts": "2026-05-22T09:13:16.629313Z", "event": "locality_index_refreshed", "details": {"payload_count": 28}}
{"ts": "2026-05-22T09:13:16.629364Z", "event": "compact_bundle_refreshed", "details": {"context_count": 21}}
{"ts": "2026-05-22T09:13:16.629415Z", "event": "active_context_refreshed", "details": {"activated_objects": 20}}
{"ts": "2026-05-22T09:13:16.629467Z", "event": "projection_refresh_completed", "details": {"trigger": "runtime_topology"}}
{"ts": "2026-05-22T09:13:46.568929Z", "event": "projection_no_changes", "details": {"path": "locality_index.json"}}
{"ts": "2026-05-22T09:13:46.569517Z", "event": "projection_no_changes", "details": {"path": "topology_compact.json"}}
{"ts": "2026-05-22T09:13:46.570210Z", "event": "projection_no_changes", "details": {"path": "compact_bundle.json"}}
{"ts": "2026-05-22T09:13:46.570865Z", "event": "projection_no_changes", "details": {"path": "active_context.json"}}
{"ts": "2026-05-22T09:13:46.575741Z", "event": "projection_refresh_started", "details": {"trigger": "runtime_topology", "reachable_files": 28, "edge_count": 49}}
{"ts": "2026-05-22T09:13:46.575807Z", "event": "topology_compact_refreshed", "details": {"edge_count": 49}}
{"ts": "2026-05-22T09:13:46.575856Z", "event": "locality_index_refreshed", "details": {"payload_count": 28}}
{"ts": "2026-05-22T09:13:46.575904Z", "event": "compact_bundle_refreshed", "details": {"context_count": 21}}
{"ts": "2026-05-22T09:13:46.575951Z", "event": "active_context_refreshed", "details": {"activated_objects": 20}}
{"ts": "2026-05-22T09:13:46.575996Z", "event": "projection_refresh_completed", "details": {"trigger": "runtime_topology"}}
{"ts": "2026-05-22T09:13:46.576102Z", "event": "projection_skipped", "details": {"reason": "throttled", "trigger": "runtime_topology"}}
{"ts": "2026-05-22T09:14:26.011694Z", "event": "projection_no_changes", "details": {"path": "locality_index.json"}}
{"ts": "2026-05-22T09:14:26.013174Z", "event": "projection_no_changes", "details": {"path": "topology_compact.json"}}
{"ts": "2026-05-22T09:14:26.014023Z", "event": "projection_no_changes", "details": {"path": "compact_bundle.json"}}
{"ts": "2026-05-22T09:14:26.014863Z", "event": "projection_no_changes", "details": {"path": "active_context.json"}}
{"ts": "2026-05-22T09:14:26.020428Z", "event": "projection_refresh_started", "details": {"trigger": "runtime_topology", "reachable_files": 28, "edge_count": 49}}
{"ts": "2026-05-22T09:14:26.020620Z", "event": "topology_compact_refreshed", "details": {"edge_count": 49}}
{"ts": "2026-05-22T09:14:26.020854Z", "event": "locality_index_refreshed", "details": {"payload_count": 28}}
{"ts": "2026-05-22T09:14:26.020918Z", "event": "compact_bundle_refreshed", "details": {"context_count": 21}}
{"ts": "2026-05-22T09:14:26.020973Z", "event": "active_context_refreshed", "details": {"activated_objects": 20}}
{"ts": "2026-05-22T09:14:26.021025Z", "event": "projection_refresh_completed", "details": {"trigger": "runtime_topology"}}
{"ts": "2026-05-22T09:14:34.402520Z", "event": "projection_no_changes", "details": {"path": "locality_index.json"}}
{"ts": "2026-05-22T09:14:34.402971Z", "event": "projection_no_changes", "details": {"path": "topology_compact.json"}}
{"ts": "2026-05-22T09:14:34.403441Z", "event": "projection_no_changes", "details": {"path": "compact_bundle.json"}}
{"ts": "2026-05-22T09:14:34.403916Z", "event": "projection_no_changes", "details": {"path": "active_context.json"}}
{"ts": "2026-05-22T09:14:34.406336Z", "event": "projection_refresh_started", "details": {"trigger": "runtime_topology", "reachable_files": 28, "edge_count": 49}}
{"ts": "2026-05-22T09:14:34.406392Z", "event": "topology_compact_refreshed", "details": {"edge_count": 49}}
{"ts": "2026-05-22T09:14:34.406441Z", "event": "locality_index_refreshed", "details": {"payload_count": 28}}
{"ts": "2026-05-22T09:14:34.406487Z", "event": "compact_bundle_refreshed", "details": {"context_count": 21}}
{"ts": "2026-05-22T09:14:34.406533Z", "event": "active_context_refreshed", "details": {"activated_objects": 20}}
{"ts": "2026-05-22T09:14:34.406578Z", "event": "projection_refresh_completed", "details": {"trigger": "runtime_topology"}}
{"ts": "2026-05-22T09:14:34.406689Z", "event": "projection_skipped", "details": {"reason": "throttled", "trigger": "runtime_topology"}}
{"ts": "2026-05-22T09:14:45.593433Z", "event": "projection_no_changes", "details": {"path": "locality_index.json"}}
{"ts": "2026-05-22T09:14:45.593977Z", "event": "projection_no_changes", "details": {"path": "topology_compact.json"}}
{"ts": "2026-05-22T09:14:45.594667Z", "event": "projection_no_changes", "details": {"path": "compact_bundle.json"}}
{"ts": "2026-05-22T09:14:45.595527Z", "event": "projection_no_changes", "details": {"path": "active_context.json"}}
{"ts": "2026-05-22T09:14:45.598837Z", "event": "projection_refresh_started", "details": {"trigger": "runtime_topology", "reachable_files": 28, "edge_count": 49}}
{"ts": "2026-05-22T09:14:45.598925Z", "event": "topology_compact_refreshed", "details": {"edge_count": 49}}
{"ts": "2026-05-22T09:14:45.598984Z", "event": "locality_index_refreshed", "details": {"payload_count": 28}}
{"ts": "2026-05-22T09:14:45.599040Z", "event": "compact_bundle_refreshed", "details": {"context_count": 21}}
{"ts": "2026-05-22T09:14:45.599093Z", "event": "active_context_refreshed", "details": {"activated_objects": 20}}
{"ts": "2026-05-22T09:14:45.599144Z", "event": "projection_refresh_completed", "details": {"trigger": "runtime_topology"}}
{"ts": "2026-05-22T09:14:45.599263Z", "event": "projection_skipped", "details": {"reason": "throttled", "trigger": "runtime_topology"}}
{"ts": "2026-05-22T12:53:43.604831Z", "event": "projection_no_changes", "details": {"path": "locality_index.json"}}
{"ts": "2026-05-22T12:53:43.605579Z", "event": "projection_no_changes", "details": {"path": "topology_compact.json"}}
{"ts": "2026-05-22T12:53:43.607058Z", "event": "projection_no_changes", "details": {"path": "compact_bundle.json"}}
{"ts": "2026-05-22T12:53:43.607795Z", "event": "projection_no_changes", "details": {"path": "active_context.json"}}
{"ts": "2026-05-22T12:53:43.612035Z", "event": "projection_refresh_started", "details": {"trigger": "runtime_topology", "reachable_files": 28, "edge_count": 49}}
{"ts": "2026-05-22T12:53:43.612114Z", "event": "topology_compact_refreshed", "details": {"edge_count": 49}}
{"ts": "2026-05-22T12:53:43.612175Z", "event": "locality_index_refreshed", "details": {"payload_count": 28}}
{"ts": "2026-05-22T12:53:43.612230Z", "event": "compact_bundle_refreshed", "details": {"context_count": 21}}
{"ts": "2026-05-22T12:53:43.612284Z", "event": "active_context_refreshed", "details": {"activated_objects": 20}}
{"ts": "2026-05-22T12:53:43.612337Z", "event": "projection_refresh_completed", "details": {"trigger": "runtime_topology"}}
{"ts": "2026-05-22T12:53:43.934446Z", "event": "projection_no_changes", "details": {"path": "locality_index.json"}}
{"ts": "2026-05-22T12:53:43.934787Z", "event": "projection_no_changes", "details": {"path": "topology_compact.json"}}
{"ts": "2026-05-22T12:53:43.935260Z", "event": "projection_no_changes", "details": {"path": "compact_bundle.json"}}
{"ts": "2026-05-22T12:53:43.935752Z", "event": "projection_no_changes", "details": {"path": "active_context.json"}}
{"ts": "2026-05-22T12:53:43.938126Z", "event": "projection_refresh_started", "details": {"trigger": "runtime_topology", "reachable_files": 28, "edge_count": 49}}
{"ts": "2026-05-22T12:53:43.938199Z", "event": "topology_compact_refreshed", "details": {"edge_count": 49}}
{"ts": "2026-05-22T12:53:43.938257Z", "event": "locality_index_refreshed", "details": {"payload_count": 28}}
{"ts": "2026-05-22T12:53:43.938313Z", "event": "compact_bundle_refreshed", "details": {"context_count": 21}}
{"ts": "2026-05-22T12:53:43.938367Z", "event": "active_context_refreshed", "details": {"activated_objects": 20}}
{"ts": "2026-05-22T12:53:43.938421Z", "event": "projection_refresh_completed", "details": {"trigger": "runtime_topology"}}
{"ts": "2026-05-22T12:53:43.938540Z", "event": "projection_skipped", "details": {"reason": "throttled", "trigger": "runtime_topology"}}
{"ts": "2026-05-22T12:53:44.164515Z", "event": "projection_no_changes", "details": {"path": "locality_index.json"}}
{"ts": "2026-05-22T12:53:44.164778Z", "event": "projection_no_changes", "details": {"path": "topology_compact.json"}}
{"ts": "2026-05-22T12:53:44.165209Z", "event": "projection_no_changes", "details": {"path": "compact_bundle.json"}}
{"ts": "2026-05-22T12:53:44.165665Z", "event": "projection_no_changes", "details": {"path": "active_context.json"}}
{"ts": "2026-05-22T12:53:44.167719Z", "event": "projection_refresh_started", "details": {"trigger": "runtime_topology", "reachable_files": 28, "edge_count": 49}}
{"ts": "2026-05-22T12:53:44.167799Z", "event": "topology_compact_refreshed", "details": {"edge_count": 49}}
{"ts": "2026-05-22T12:53:44.167856Z", "event": "locality_index_refreshed", "details": {"payload_count": 28}}
{"ts": "2026-05-22T12:53:44.167907Z", "event": "compact_bundle_refreshed", "details": {"context_count": 21}}
{"ts": "2026-05-22T12:53:44.167958Z", "event": "active_context_refreshed", "details": {"activated_objects": 20}}
{"ts": "2026-05-22T12:53:44.168009Z", "event": "projection_refresh_completed", "details": {"trigger": "runtime_topology"}}
{"ts": "2026-05-22T12:53:44.168120Z", "event": "projection_skipped", "details": {"reason": "throttled", "trigger": "runtime_topology"}}
{"ts": "2026-05-22T12:53:44.374822Z", "event": "projection_no_changes", "details": {"path": "locality_index.json"}}
{"ts": "2026-05-22T12:53:44.375136Z", "event": "projection_no_changes", "details": {"path": "topology_compact.json"}}
{"ts": "2026-05-22T12:53:44.375618Z", "event": "projection_no_changes", "details": {"path": "compact_bundle.json"}}
{"ts": "2026-05-22T12:53:44.376081Z", "event": "projection_no_changes", "details": {"path": "active_context.json"}}
{"ts": "2026-05-22T12:53:44.378132Z", "event": "projection_refresh_started", "details": {"trigger": "runtime_topology", "reachable_files": 28, "edge_count": 49}}
{"ts": "2026-05-22T12:53:44.378210Z", "event": "topology_compact_refreshed", "details": {"edge_count": 49}}
{"ts": "2026-05-22T12:53:44.378271Z", "event": "locality_index_refreshed", "details": {"payload_count": 28}}
{"ts": "2026-05-22T12:53:44.378330Z", "event": "compact_bundle_refreshed", "details": {"context_count": 21}}
{"ts": "2026-05-22T12:53:44.378385Z", "event": "active_context_refreshed", "details": {"activated_objects": 20}}
{"ts": "2026-05-22T12:53:44.378441Z", "event": "projection_refresh_completed", "details": {"trigger": "runtime_topology"}}
{"ts": "2026-05-22T12:53:44.378557Z", "event": "projection_skipped", "details": {"reason": "throttled", "trigger": "runtime_topology"}}
{"ts": "2026-05-22T12:55:44.817816Z", "event": "projection_no_changes", "details": {"path": "locality_index.json"}}
{"ts": "2026-05-22T12:55:44.818529Z", "event": "projection_no_changes", "details": {"path": "topology_compact.json"}}
{"ts": "2026-05-22T12:55:44.819363Z", "event": "projection_no_changes", "details": {"path": "compact_bundle.json"}}
{"ts": "2026-05-22T12:55:44.820122Z", "event": "projection_no_changes", "details": {"path": "active_context.json"}}
{"ts": "2026-05-22T12:55:44.825208Z", "event": "projection_refresh_started", "details": {"trigger": "runtime_topology", "reachable_files": 28, "edge_count": 49}}
{"ts": "2026-05-22T12:55:44.825299Z", "event": "topology_compact_refreshed", "details": {"edge_count": 49}}
{"ts": "2026-05-22T12:55:44.825360Z", "event": "locality_index_refreshed", "details": {"payload_count": 28}}
{"ts": "2026-05-22T12:55:44.825418Z", "event": "compact_bundle_refreshed", "details": {"context_count": 21}}
{"ts": "2026-05-22T12:55:44.825520Z", "event": "active_context_refreshed", "details": {"activated_objects": 20}}
{"ts": "2026-05-22T12:55:44.825609Z", "event": "projection_refresh_completed", "details": {"trigger": "runtime_topology"}}
{"ts": "2026-05-22T12:55:45.151875Z", "event": "projection_no_changes", "details": {"path": "locality_index.json"}}
{"ts": "2026-05-22T12:55:45.152200Z", "event": "projection_no_changes", "details": {"path": "topology_compact.json"}}
{"ts": "2026-05-22T12:55:45.152666Z", "event": "projection_no_changes", "details": {"path": "compact_bundle.json"}}
{"ts": "2026-05-22T12:55:45.153163Z", "event": "projection_no_changes", "details": {"path": "active_context.json"}}
{"ts": "2026-05-22T12:55:45.154976Z", "event": "projection_refresh_started", "details": {"trigger": "runtime_topology", "reachable_files": 28, "edge_count": 49}}
{"ts": "2026-05-22T12:55:45.155038Z", "event": "topology_compact_refreshed", "details": {"edge_count": 49}}
{"ts": "2026-05-22T12:55:45.155094Z", "event": "locality_index_refreshed", "details": {"payload_count": 28}}
{"ts": "2026-05-22T12:55:45.155148Z", "event": "compact_bundle_refreshed", "details": {"context_count": 21}}
{"ts": "2026-05-22T12:55:45.155202Z", "event": "active_context_refreshed", "details": {"activated_objects": 20}}
{"ts": "2026-05-22T12:55:45.155256Z", "event": "projection_refresh_completed", "details": {"trigger": "runtime_topology"}}
{"ts": "2026-05-22T12:55:45.155370Z", "event": "projection_skipped", "details": {"reason": "throttled", "trigger": "runtime_topology"}}
{"ts": "2026-05-22T12:55:45.373316Z", "event": "projection_no_changes", "details": {"path": "locality_index.json"}}
{"ts": "2026-05-22T12:55:45.373616Z", "event": "projection_no_changes", "details": {"path": "topology_compact.json"}}
{"ts": "2026-05-22T12:55:45.374067Z", "event": "projection_no_changes", "details": {"path": "compact_bundle.json"}}
{"ts": "2026-05-22T12:55:45.374535Z", "event": "projection_no_changes", "details": {"path": "active_context.json"}}
{"ts": "2026-05-22T12:55:45.376299Z", "event": "projection_refresh_started", "details": {"trigger": "runtime_topology", "reachable_files": 28, "edge_count": 49}}
{"ts": "2026-05-22T12:55:45.376362Z", "event": "topology_compact_refreshed", "details": {"edge_count": 49}}
{"ts": "2026-05-22T12:55:45.376441Z", "event": "locality_index_refreshed", "details": {"payload_count": 28}}
{"ts": "2026-05-22T12:55:45.376502Z", "event": "compact_bundle_refreshed", "details": {"context_count": 21}}
{"ts": "2026-05-22T12:55:45.376548Z", "event": "active_context_refreshed", "details": {"activated_objects": 20}}
{"ts": "2026-05-22T12:55:45.376592Z", "event": "projection_refresh_completed", "details": {"trigger": "runtime_topology"}}
{"ts": "2026-05-22T12:55:45.376697Z", "event": "projection_skipped", "details": {"reason": "throttled", "trigger": "runtime_topology"}}
{"ts": "2026-05-22T13:14:37.045959Z", "event": "projection_no_changes", "details": {"path": "locality_index.json"}}
{"ts": "2026-05-22T13:14:37.046610Z", "event": "projection_no_changes", "details": {"path": "topology_compact.json"}}
{"ts": "2026-05-22T13:14:37.047314Z", "event": "projection_no_changes", "details": {"path": "compact_bundle.json"}}
{"ts": "2026-05-22T13:14:37.048147Z", "event": "projection_no_changes", "details": {"path": "active_context.json"}}
{"ts": "2026-05-22T13:14:37.051190Z", "event": "projection_refresh_started", "details": {"trigger": "runtime_topology", "reachable_files": 28, "edge_count": 49}}
{"ts": "2026-05-22T13:14:37.051290Z", "event": "topology_compact_refreshed", "details": {"edge_count": 49}}
{"ts": "2026-05-22T13:14:37.051344Z", "event": "locality_index_refreshed", "details": {"payload_count": 28}}
{"ts": "2026-05-22T13:14:37.051393Z", "event": "compact_bundle_refreshed", "details": {"context_count": 21}}
{"ts": "2026-05-22T13:14:37.051441Z", "event": "active_context_refreshed", "details": {"activated_objects": 20}}
{"ts": "2026-05-22T13:14:37.051493Z", "event": "projection_refresh_completed", "details": {"trigger": "runtime_topology"}}
{"ts": "2026-05-22T13:15:14.009260Z", "event": "projection_no_changes", "details": {"path": "locality_index.json"}}
{"ts": "2026-05-22T13:15:14.009813Z", "event": "projection_no_changes", "details": {"path": "topology_compact.json"}}
{"ts": "2026-05-22T13:15:14.010471Z", "event": "projection_no_changes", "details": {"path": "compact_bundle.json"}}
{"ts": "2026-05-22T13:15:14.011192Z", "event": "projection_no_changes", "details": {"path": "active_context.json"}}
{"ts": "2026-05-22T13:15:14.014422Z", "event": "projection_refresh_started", "details": {"trigger": "runtime_topology", "reachable_files": 28, "edge_count": 49}}
{"ts": "2026-05-22T13:15:14.014502Z", "event": "topology_compact_refreshed", "details": {"edge_count": 49}}
{"ts": "2026-05-22T13:15:14.014559Z", "event": "locality_index_refreshed", "details": {"payload_count": 28}}
{"ts": "2026-05-22T13:15:14.014610Z", "event": "compact_bundle_refreshed", "details": {"context_count": 21}}
{"ts": "2026-05-22T13:15:14.014659Z", "event": "active_context_refreshed", "details": {"activated_objects": 20}}
{"ts": "2026-05-22T13:15:14.014721Z", "event": "projection_refresh_completed", "details": {"trigger": "runtime_topology"}}
{"ts": "2026-05-22T13:15:14.014912Z", "event": "projection_skipped", "details": {"reason": "throttled", "trigger": "runtime_topology"}}
{"ts": "2026-05-22T13:15:24.178017Z", "event": "projection_no_changes", "details": {"path": "locality_index.json"}}
{"ts": "2026-05-22T13:15:24.178344Z", "event": "projection_no_changes", "details": {"path": "topology_compact.json"}}
{"ts": "2026-05-22T13:15:24.179159Z", "event": "projection_no_changes", "details": {"path": "compact_bundle.json"}}
{"ts": "2026-05-22T13:15:24.179704Z", "event": "projection_no_changes", "details": {"path": "active_context.json"}}
{"ts": "2026-05-22T13:15:24.181834Z", "event": "projection_refresh_started", "details": {"trigger": "runtime_topology", "reachable_files": 28, "edge_count": 49}}
{"ts": "2026-05-22T13:15:24.181908Z", "event": "topology_compact_refreshed", "details": {"edge_count": 49}}
{"ts": "2026-05-22T13:15:24.181963Z", "event": "locality_index_refreshed", "details": {"payload_count": 28}}
{"ts": "2026-05-22T13:15:24.182014Z", "event": "compact_bundle_refreshed", "details": {"context_count": 21}}
{"ts": "2026-05-22T13:15:24.182080Z", "event": "active_context_refreshed", "details": {"activated_objects": 20}}
{"ts": "2026-05-22T13:15:24.182131Z", "event": "projection_refresh_completed", "details": {"trigger": "runtime_topology"}}
{"ts": "2026-05-22T13:15:24.182347Z", "event": "projection_skipped", "details": {"reason": "throttled", "trigger": "runtime_topology"}}
{"ts": "2026-05-22T13:15:34.626027Z", "event": "projection_no_changes", "details": {"path": "locality_index.json"}}
{"ts": "2026-05-22T13:15:34.626927Z", "event": "projection_no_changes", "details": {"path": "topology_compact.json"}}
{"ts": "2026-05-22T13:15:34.628094Z", "event": "projection_no_changes", "details": {"path": "compact_bundle.json"}}
{"ts": "2026-05-22T13:15:34.629010Z", "event": "projection_no_changes", "details": {"path": "active_context.json"}}
{"ts": "2026-05-22T13:15:34.631800Z", "event": "projection_refresh_started", "details": {"trigger": "runtime_topology", "reachable_files": 28, "edge_count": 49}}
{"ts": "2026-05-22T13:15:34.631961Z", "event": "topology_compact_refreshed", "details": {"edge_count": 49}}
{"ts": "2026-05-22T13:15:34.632037Z", "event": "locality_index_refreshed", "details": {"payload_count": 28}}
{"ts": "2026-05-22T13:15:34.632098Z", "event": "compact_bundle_refreshed", "details": {"context_count": 21}}
{"ts": "2026-05-22T13:15:34.632186Z", "event": "active_context_refreshed", "details": {"activated_objects": 20}}
{"ts": "2026-05-22T13:15:34.632259Z", "event": "projection_refresh_completed", "details": {"trigger": "runtime_topology"}}
{"ts": "2026-05-22T13:15:34.632385Z", "event": "projection_skipped", "details": {"reason": "throttled", "trigger": "runtime_topology"}}
{"ts": "2026-05-22T13:15:54.518478Z", "event": "projection_no_changes", "details": {"path": "locality_index.json"}}
{"ts": "2026-05-22T13:15:54.519375Z", "event": "projection_no_changes", "details": {"path": "topology_compact.json"}}
{"ts": "2026-05-22T13:15:54.520186Z", "event": "projection_no_changes", "details": {"path": "compact_bundle.json"}}
{"ts": "2026-05-22T13:15:54.520997Z", "event": "projection_no_changes", "details": {"path": "active_context.json"}}
{"ts": "2026-05-22T13:15:54.523834Z", "event": "projection_refresh_started", "details": {"trigger": "runtime_topology", "reachable_files": 28, "edge_count": 49}}
{"ts": "2026-05-22T13:15:54.523905Z", "event": "topology_compact_refreshed", "details": {"edge_count": 49}}
{"ts": "2026-05-22T13:15:54.523963Z", "event": "locality_index_refreshed", "details": {"payload_count": 28}}
{"ts": "2026-05-22T13:15:54.524011Z", "event": "compact_bundle_refreshed", "details": {"context_count": 21}}
{"ts": "2026-05-22T13:15:54.524058Z", "event": "active_context_refreshed", "details": {"activated_objects": 20}}
{"ts": "2026-05-22T13:15:54.524108Z", "event": "projection_refresh_completed", "details": {"trigger": "runtime_topology"}}
{"ts": "2026-05-22T13:17:27.012733Z", "event": "projection_no_changes", "details": {"path": "locality_index.json"}}
{"ts": "2026-05-22T13:17:27.013807Z", "event": "projection_no_changes", "details": {"path": "topology_compact.json"}}
{"ts": "2026-05-22T13:17:27.014423Z", "event": "projection_no_changes", "details": {"path": "compact_bundle.json"}}
{"ts": "2026-05-22T13:17:27.015099Z", "event": "projection_no_changes", "details": {"path": "active_context.json"}}
{"ts": "2026-05-22T13:17:27.020176Z", "event": "projection_refresh_started", "details": {"trigger": "runtime_topology", "reachable_files": 28, "edge_count": 49}}
{"ts": "2026-05-22T13:17:27.020236Z", "event": "topology_compact_refreshed", "details": {"edge_count": 49}}
{"ts": "2026-05-22T13:17:27.020290Z", "event": "locality_index_refreshed", "details": {"payload_count": 28}}
{"ts": "2026-05-22T13:17:27.020341Z", "event": "compact_bundle_refreshed", "details": {"context_count": 21}}
{"ts": "2026-05-22T13:17:27.020388Z", "event": "active_context_refreshed", "details": {"activated_objects": 20}}
{"ts": "2026-05-22T13:17:27.020433Z", "event": "projection_refresh_completed", "details": {"trigger": "runtime_topology"}}
{"ts": "2026-05-22T13:20:25.511449Z", "event": "projection_no_changes", "details": {"path": "locality_index.json"}}
{"ts": "2026-05-22T13:20:25.512470Z", "event": "projection_no_changes", "details": {"path": "topology_compact.json"}}
{"ts": "2026-05-22T13:20:25.513187Z", "event": "projection_no_changes", "details": {"path": "compact_bundle.json"}}
{"ts": "2026-05-22T13:20:25.513930Z", "event": "projection_no_changes", "details": {"path": "active_context.json"}}
{"ts": "2026-05-22T13:20:25.518975Z", "event": "projection_refresh_started", "details": {"trigger": "runtime_topology", "reachable_files": 28, "edge_count": 49}}
{"ts": "2026-05-22T13:20:25.519116Z", "event": "topology_compact_refreshed", "details": {"edge_count": 49}}
{"ts": "2026-05-22T13:20:25.519186Z", "event": "locality_index_refreshed", "details": {"payload_count": 28}}
{"ts": "2026-05-22T13:20:25.519249Z", "event": "compact_bundle_refreshed", "details": {"context_count": 21}}
{"ts": "2026-05-22T13:20:25.519310Z", "event": "active_context_refreshed", "details": {"activated_objects": 20}}
{"ts": "2026-05-22T13:20:25.519364Z", "event": "projection_refresh_completed", "details": {"trigger": "runtime_topology"}}
{"ts": "2026-05-22T13:20:25.849086Z", "event": "projection_no_changes", "details": {"path": "locality_index.json"}}
{"ts": "2026-05-22T13:20:25.849394Z", "event": "projection_no_changes", "details": {"path": "topology_compact.json"}}
{"ts": "2026-05-22T13:20:25.849837Z", "event": "projection_no_changes", "details": {"path": "compact_bundle.json"}}
{"ts": "2026-05-22T13:20:25.850294Z", "event": "projection_no_changes", "details": {"path": "active_context.json"}}
{"ts": "2026-05-22T13:20:25.852209Z", "event": "projection_refresh_started", "details": {"trigger": "runtime_topology", "reachable_files": 28, "edge_count": 49}}
{"ts": "2026-05-22T13:20:25.852279Z", "event": "topology_compact_refreshed", "details": {"edge_count": 49}}
{"ts": "2026-05-22T13:20:25.852339Z", "event": "locality_index_refreshed", "details": {"payload_count": 28}}
{"ts": "2026-05-22T13:20:25.852396Z", "event": "compact_bundle_refreshed", "details": {"context_count": 21}}
{"ts": "2026-05-22T13:20:25.852451Z", "event": "active_context_refreshed", "details": {"activated_objects": 20}}
{"ts": "2026-05-22T13:20:25.852504Z", "event": "projection_refresh_completed", "details": {"trigger": "runtime_topology"}}
{"ts": "2026-05-22T13:20:25.852617Z", "event": "projection_skipped", "details": {"reason": "throttled", "trigger": "runtime_topology"}}
{"ts": "2026-05-22T13:20:26.071347Z", "event": "projection_no_changes", "details": {"path": "locality_index.json"}}
{"ts": "2026-05-22T13:20:26.071655Z", "event": "projection_no_changes", "details": {"path": "topology_compact.json"}}
{"ts": "2026-05-22T13:20:26.072544Z", "event": "projection_no_changes", "details": {"path": "compact_bundle.json"}}
{"ts": "2026-05-22T13:20:26.073094Z", "event": "projection_no_changes", "details": {"path": "active_context.json"}}
{"ts": "2026-05-22T13:20:26.074996Z", "event": "projection_refresh_started", "details": {"trigger": "runtime_topology", "reachable_files": 28, "edge_count": 49}}
{"ts": "2026-05-22T13:20:26.075060Z", "event": "topology_compact_refreshed", "details": {"edge_count": 49}}
{"ts": "2026-05-22T13:20:26.075118Z", "event": "locality_index_refreshed", "details": {"payload_count": 28}}
{"ts": "2026-05-22T13:20:26.075172Z", "event": "compact_bundle_refreshed", "details": {"context_count": 21}}
{"ts": "2026-05-22T13:20:26.075223Z", "event": "active_context_refreshed", "details": {"activated_objects": 20}}
{"ts": "2026-05-22T13:20:26.075275Z", "event": "projection_refresh_completed", "details": {"trigger": "runtime_topology"}}
{"ts": "2026-05-22T13:20:26.075386Z", "event": "projection_skipped", "details": {"reason": "throttled", "trigger": "runtime_topology"}}
{"ts": "2026-05-22T13:22:34.604283Z", "event": "projection_no_changes", "details": {"path": "locality_index.json"}}
{"ts": "2026-05-22T13:22:34.604858Z", "event": "projection_no_changes", "details": {"path": "topology_compact.json"}}
{"ts": "2026-05-22T13:22:34.605769Z", "event": "projection_no_changes", "details": {"path": "compact_bundle.json"}}
{"ts": "2026-05-22T13:22:34.606522Z", "event": "projection_no_changes", "details": {"path": "active_context.json"}}
{"ts": "2026-05-22T13:22:34.610117Z", "event": "projection_refresh_started", "details": {"trigger": "runtime_topology", "reachable_files": 28, "edge_count": 49}}
{"ts": "2026-05-22T13:22:34.610202Z", "event": "topology_compact_refreshed", "details": {"edge_count": 49}}
{"ts": "2026-05-22T13:22:34.610263Z", "event": "locality_index_refreshed", "details": {"payload_count": 28}}
{"ts": "2026-05-22T13:22:34.610319Z", "event": "compact_bundle_refreshed", "details": {"context_count": 21}}
{"ts": "2026-05-22T13:22:34.610374Z", "event": "active_context_refreshed", "details": {"activated_objects": 20}}
{"ts": "2026-05-22T13:22:34.610428Z", "event": "projection_refresh_completed", "details": {"trigger": "runtime_topology"}}
{"ts": "2026-05-22T14:04:35.963087Z", "event": "projection_no_changes", "details": {"path": "locality_index.json"}}
{"ts": "2026-05-22T14:04:35.963897Z", "event": "projection_no_changes", "details": {"path": "topology_compact.json"}}
{"ts": "2026-05-22T14:04:35.964589Z", "event": "projection_no_changes", "details": {"path": "compact_bundle.json"}}
{"ts": "2026-05-22T14:04:35.965260Z", "event": "projection_no_changes", "details": {"path": "active_context.json"}}
{"ts": "2026-05-22T14:04:35.970268Z", "event": "projection_refresh_started", "details": {"trigger": "runtime_topology", "reachable_files": 28, "edge_count": 49}}
{"ts": "2026-05-22T14:04:35.970350Z", "event": "topology_compact_refreshed", "details": {"edge_count": 49}}
{"ts": "2026-05-22T14:04:35.970407Z", "event": "locality_index_refreshed", "details": {"payload_count": 28}}
{"ts": "2026-05-22T14:04:35.970507Z", "event": "compact_bundle_refreshed", "details": {"context_count": 21}}
{"ts": "2026-05-22T14:04:35.970634Z", "event": "active_context_refreshed", "details": {"activated_objects": 20}}
{"ts": "2026-05-22T14:04:35.970702Z", "event": "projection_refresh_completed", "details": {"trigger": "runtime_topology"}}
{"ts": "2026-05-22T14:04:44.605306Z", "event": "projection_no_changes", "details": {"path": "locality_index.json"}}
{"ts": "2026-05-22T14:04:44.605817Z", "event": "projection_no_changes", "details": {"path": "topology_compact.json"}}
{"ts": "2026-05-22T14:04:44.606323Z", "event": "projection_no_changes", "details": {"path": "compact_bundle.json"}}
{"ts": "2026-05-22T14:04:44.606845Z", "event": "projection_no_changes", "details": {"path": "active_context.json"}}
{"ts": "2026-05-22T14:04:44.609795Z", "event": "projection_refresh_started", "details": {"trigger": "runtime_topology", "reachable_files": 28, "edge_count": 49}}
{"ts": "2026-05-22T14:04:44.609870Z", "event": "topology_compact_refreshed", "details": {"edge_count": 49}}
{"ts": "2026-05-22T14:04:44.609927Z", "event": "locality_index_refreshed", "details": {"payload_count": 28}}
{"ts": "2026-05-22T14:04:44.609982Z", "event": "compact_bundle_refreshed", "details": {"context_count": 21}}
{"ts": "2026-05-22T14:04:44.610038Z", "event": "active_context_refreshed", "details": {"activated_objects": 20}}
{"ts": "2026-05-22T14:04:44.610095Z", "event": "projection_refresh_completed", "details": {"trigger": "runtime_topology"}}
{"ts": "2026-05-22T14:04:44.610223Z", "event": "projection_skipped", "details": {"reason": "throttled", "trigger": "runtime_topology"}}
{"ts": "2026-05-22T14:04:44.826474Z", "event": "projection_no_changes", "details": {"path": "locality_index.json"}}
{"ts": "2026-05-22T14:04:44.826787Z", "event": "projection_no_changes", "details": {"path": "topology_compact.json"}}
{"ts": "2026-05-22T14:04:44.827230Z", "event": "projection_no_changes", "details": {"path": "compact_bundle.json"}}
{"ts": "2026-05-22T14:04:44.827687Z", "event": "projection_no_changes", "details": {"path": "active_context.json"}}
{"ts": "2026-05-22T14:04:44.830006Z", "event": "projection_refresh_started", "details": {"trigger": "runtime_topology", "reachable_files": 28, "edge_count": 49}}
{"ts": "2026-05-22T14:04:44.830083Z", "event": "topology_compact_refreshed", "details": {"edge_count": 49}}
{"ts": "2026-05-22T14:04:44.830171Z", "event": "locality_index_refreshed", "details": {"payload_count": 28}}
{"ts": "2026-05-22T14:04:44.830223Z", "event": "compact_bundle_refreshed", "details": {"context_count": 21}}
{"ts": "2026-05-22T14:04:44.830276Z", "event": "active_context_refreshed", "details": {"activated_objects": 20}}
{"ts": "2026-05-22T14:04:44.830324Z", "event": "projection_refresh_completed", "details": {"trigger": "runtime_topology"}}
{"ts": "2026-05-22T14:04:44.830438Z", "event": "projection_skipped", "details": {"reason": "throttled", "trigger": "runtime_topology"}}
{"ts": "2026-05-22T14:49:30.087219Z", "event": "projection_no_changes", "details": {"path": "locality_index.json"}}
{"ts": "2026-05-22T14:49:30.088071Z", "event": "projection_no_changes", "details": {"path": "topology_compact.json"}}
{"ts": "2026-05-22T14:49:30.088742Z", "event": "projection_no_changes", "details": {"path": "compact_bundle.json"}}
{"ts": "2026-05-22T14:49:30.089413Z", "event": "projection_no_changes", "details": {"path": "active_context.json"}}
{"ts": "2026-05-22T14:49:30.094896Z", "event": "projection_refresh_started", "details": {"trigger": "runtime_topology", "reachable_files": 28, "edge_count": 49}}
{"ts": "2026-05-22T14:49:30.094977Z", "event": "topology_compact_refreshed", "details": {"edge_count": 49}}
{"ts": "2026-05-22T14:49:30.095027Z", "event": "locality_index_refreshed", "details": {"payload_count": 28}}
{"ts": "2026-05-22T14:49:30.095075Z", "event": "compact_bundle_refreshed", "details": {"context_count": 21}}
{"ts": "2026-05-22T14:49:30.095121Z", "event": "active_context_refreshed", "details": {"activated_objects": 20}}
{"ts": "2026-05-22T14:49:30.095178Z", "event": "projection_refresh_completed", "details": {"trigger": "runtime_topology"}}
{"ts": "2026-05-22T14:49:35.641488Z", "event": "projection_no_changes", "details": {"path": "locality_index.json"}}
{"ts": "2026-05-22T14:49:35.641989Z", "event": "projection_no_changes", "details": {"path": "topology_compact.json"}}
{"ts": "2026-05-22T14:49:35.642491Z", "event": "projection_no_changes", "details": {"path": "compact_bundle.json"}}
{"ts": "2026-05-22T14:49:35.642983Z", "event": "projection_no_changes", "details": {"path": "active_context.json"}}
{"ts": "2026-05-22T14:49:35.646149Z", "event": "projection_refresh_started", "details": {"trigger": "runtime_topology", "reachable_files": 28, "edge_count": 49}}
{"ts": "2026-05-22T14:49:35.646223Z", "event": "topology_compact_refreshed", "details": {"edge_count": 49}}
{"ts": "2026-05-22T14:49:35.646274Z", "event": "locality_index_refreshed", "details": {"payload_count": 28}}
{"ts": "2026-05-22T14:49:35.646330Z", "event": "compact_bundle_refreshed", "details": {"context_count": 21}}
{"ts": "2026-05-22T14:49:35.646376Z", "event": "active_context_refreshed", "details": {"activated_objects": 20}}
{"ts": "2026-05-22T14:49:35.646421Z", "event": "projection_refresh_completed", "details": {"trigger": "runtime_topology"}}
{"ts": "2026-05-22T14:49:35.646521Z", "event": "projection_skipped", "details": {"reason": "throttled", "trigger": "runtime_topology"}}
{"ts": "2026-05-22T14:49:46.539768Z", "event": "projection_no_changes", "details": {"path": "locality_index.json"}}
{"ts": "2026-05-22T14:49:46.540420Z", "event": "projection_no_changes", "details": {"path": "topology_compact.json"}}
{"ts": "2026-05-22T14:49:46.541208Z", "event": "projection_no_changes", "details": {"path": "compact_bundle.json"}}
{"ts": "2026-05-22T14:49:46.542055Z", "event": "projection_no_changes", "details": {"path": "active_context.json"}}
{"ts": "2026-05-22T14:49:46.546160Z", "event": "projection_refresh_started", "details": {"trigger": "runtime_topology", "reachable_files": 28, "edge_count": 49}}
{"ts": "2026-05-22T14:49:46.546264Z", "event": "topology_compact_refreshed", "details": {"edge_count": 49}}
{"ts": "2026-05-22T14:49:46.546319Z", "event": "locality_index_refreshed", "details": {"payload_count": 28}}
{"ts": "2026-05-22T14:49:46.546372Z", "event": "compact_bundle_refreshed", "details": {"context_count": 21}}
{"ts": "2026-05-22T14:49:46.546455Z", "event": "active_context_refreshed", "details": {"activated_objects": 20}}
{"ts": "2026-05-22T14:49:46.546513Z", "event": "projection_refresh_completed", "details": {"trigger": "runtime_topology"}}
{"ts": "2026-05-22T14:49:46.546634Z", "event": "projection_skipped", "details": {"reason": "throttled", "trigger": "runtime_topology"}}
{"ts": "2026-05-22T14:50:07.113190Z", "event": "projection_no_changes", "details": {"path": "locality_index.json"}}
{"ts": "2026-05-22T14:50:07.113907Z", "event": "projection_no_changes", "details": {"path": "topology_compact.json"}}
{"ts": "2026-05-22T14:50:07.114767Z", "event": "projection_no_changes", "details": {"path": "compact_bundle.json"}}
{"ts": "2026-05-22T14:50:07.115643Z", "event": "projection_no_changes", "details": {"path": "active_context.json"}}
{"ts": "2026-05-22T14:50:07.120747Z", "event": "projection_refresh_started", "details": {"trigger": "runtime_topology", "reachable_files": 28, "edge_count": 49}}
{"ts": "2026-05-22T14:50:07.120863Z", "event": "topology_compact_refreshed", "details": {"edge_count": 49}}
{"ts": "2026-05-22T14:50:07.120928Z", "event": "locality_index_refreshed", "details": {"payload_count": 28}}
{"ts": "2026-05-22T14:50:07.120987Z", "event": "compact_bundle_refreshed", "details": {"context_count": 21}}
{"ts": "2026-05-22T14:50:07.121044Z", "event": "active_context_refreshed", "details": {"activated_objects": 20}}
{"ts": "2026-05-22T14:50:07.121098Z", "event": "projection_refresh_completed", "details": {"trigger": "runtime_topology"}}
{"ts": "2026-05-22T14:50:07.121215Z", "event": "projection_skipped", "details": {"reason": "throttled", "trigger": "runtime_topology"}}
{"ts": "2026-05-22T14:50:07.412482Z", "event": "projection_no_changes", "details": {"path": "locality_index.json"}}
{"ts": "2026-05-22T14:50:07.412830Z", "event": "projection_no_changes", "details": {"path": "topology_compact.json"}}
{"ts": "2026-05-22T14:50:07.413563Z", "event": "projection_no_changes", "details": {"path": "compact_bundle.json"}}
{"ts": "2026-05-22T14:50:07.414098Z", "event": "projection_no_changes", "details": {"path": "active_context.json"}}
{"ts": "2026-05-22T14:50:07.415918Z", "event": "projection_refresh_started", "details": {"trigger": "runtime_topology", "reachable_files": 28, "edge_count": 49}}
{"ts": "2026-05-22T14:50:07.415974Z", "event": "topology_compact_refreshed", "details": {"edge_count": 49}}
{"ts": "2026-05-22T14:50:07.416023Z", "event": "locality_index_refreshed", "details": {"payload_count": 28}}
{"ts": "2026-05-22T14:50:07.416070Z", "event": "compact_bundle_refreshed", "details": {"context_count": 21}}
{"ts": "2026-05-22T14:50:07.416115Z", "event": "active_context_refreshed", "details": {"activated_objects": 20}}
{"ts": "2026-05-22T14:50:07.416160Z", "event": "projection_refresh_completed", "details": {"trigger": "runtime_topology"}}
{"ts": "2026-05-22T14:50:07.416259Z", "event": "projection_skipped", "details": {"reason": "throttled", "trigger": "runtime_topology"}}
{"ts": "2026-05-22T14:50:49.154932Z", "event": "projection_no_changes", "details": {"path": "locality_index.json"}}
{"ts": "2026-05-22T14:50:49.155538Z", "event": "projection_no_changes", "details": {"path": "topology_compact.json"}}
{"ts": "2026-05-22T14:50:49.156265Z", "event": "projection_no_changes", "details": {"path": "compact_bundle.json"}}
{"ts": "2026-05-22T14:50:49.157048Z", "event": "projection_no_changes", "details": {"path": "active_context.json"}}
{"ts": "2026-05-22T14:50:49.160071Z", "event": "projection_refresh_started", "details": {"trigger": "runtime_topology", "reachable_files": 28, "edge_count": 49}}
{"ts": "2026-05-22T14:50:49.160156Z", "event": "topology_compact_refreshed", "details": {"edge_count": 49}}
{"ts": "2026-05-22T14:50:49.160237Z", "event": "locality_index_refreshed", "details": {"payload_count": 28}}
{"ts": "2026-05-22T14:50:49.160324Z", "event": "compact_bundle_refreshed", "details": {"context_count": 21}}
{"ts": "2026-05-22T14:50:49.160606Z", "event": "active_context_refreshed", "details": {"activated_objects": 20}}
{"ts": "2026-05-22T14:50:49.160739Z", "event": "projection_refresh_completed", "details": {"trigger": "runtime_topology"}}
{"ts": "2026-05-22T14:51:00.566313Z", "event": "projection_no_changes", "details": {"path": "locality_index.json"}}
{"ts": "2026-05-22T14:51:00.567156Z", "event": "projection_no_changes", "details": {"path": "topology_compact.json"}}
{"ts": "2026-05-22T14:51:00.568064Z", "event": "projection_no_changes", "details": {"path": "compact_bundle.json"}}
{"ts": "2026-05-22T14:51:00.569166Z", "event": "projection_no_changes", "details": {"path": "active_context.json"}}
{"ts": "2026-05-22T14:51:00.572939Z", "event": "projection_refresh_started", "details": {"trigger": "runtime_topology", "reachable_files": 28, "edge_count": 49}}
{"ts": "2026-05-22T14:51:00.573020Z", "event": "topology_compact_refreshed", "details": {"edge_count": 49}}
{"ts": "2026-05-22T14:51:00.573082Z", "event": "locality_index_refreshed", "details": {"payload_count": 28}}
{"ts": "2026-05-22T14:51:00.573141Z", "event": "compact_bundle_refreshed", "details": {"context_count": 21}}
{"ts": "2026-05-22T14:51:00.573196Z", "event": "active_context_refreshed", "details": {"activated_objects": 20}}
{"ts": "2026-05-22T14:51:00.573247Z", "event": "projection_refresh_completed", "details": {"trigger": "runtime_topology"}}
{"ts": "2026-05-22T14:51:00.573356Z", "event": "projection_skipped", "details": {"reason": "throttled", "trigger": "runtime_topology"}}
{"ts": "2026-05-22T14:51:12.423714Z", "event": "projection_no_changes", "details": {"path": "locality_index.json"}}
{"ts": "2026-05-22T14:51:12.424463Z", "event": "projection_no_changes", "details": {"path": "topology_compact.json"}}
{"ts": "2026-05-22T14:51:12.425132Z", "event": "projection_no_changes", "details": {"path": "compact_bundle.json"}}
{"ts": "2026-05-22T14:51:12.425836Z", "event": "projection_no_changes", "details": {"path": "active_context.json"}}
{"ts": "2026-05-22T14:51:12.428869Z", "event": "projection_refresh_started", "details": {"trigger": "runtime_topology", "reachable_files": 28, "edge_count": 49}}
{"ts": "2026-05-22T14:51:12.428993Z", "event": "topology_compact_refreshed", "details": {"edge_count": 49}}
{"ts": "2026-05-22T14:51:12.429060Z", "event": "locality_index_refreshed", "details": {"payload_count": 28}}
{"ts": "2026-05-22T14:51:12.429119Z", "event": "compact_bundle_refreshed", "details": {"context_count": 21}}
{"ts": "2026-05-22T14:51:12.429176Z", "event": "active_context_refreshed", "details": {"activated_objects": 20}}
{"ts": "2026-05-22T14:51:12.429231Z", "event": "projection_refresh_completed", "details": {"trigger": "runtime_topology"}}
{"ts": "2026-05-22T14:51:12.429355Z", "event": "projection_skipped", "details": {"reason": "throttled", "trigger": "runtime_topology"}}
{"ts": "2026-05-22T14:51:22.854739Z", "event": "projection_no_changes", "details": {"path": "locality_index.json"}}
{"ts": "2026-05-22T14:51:22.855571Z", "event": "projection_no_changes", "details": {"path": "topology_compact.json"}}
{"ts": "2026-05-22T14:51:22.856288Z", "event": "projection_no_changes", "details": {"path": "compact_bundle.json"}}
{"ts": "2026-05-22T14:51:22.857034Z", "event": "projection_no_changes", "details": {"path": "active_context.json"}}
{"ts": "2026-05-22T14:51:22.859855Z", "event": "projection_refresh_started", "details": {"trigger": "runtime_topology", "reachable_files": 28, "edge_count": 49}}
{"ts": "2026-05-22T14:51:22.859922Z", "event": "topology_compact_refreshed", "details": {"edge_count": 49}}
{"ts": "2026-05-22T14:51:22.859984Z", "event": "locality_index_refreshed", "details": {"payload_count": 28}}
{"ts": "2026-05-22T14:51:22.860049Z", "event": "compact_bundle_refreshed", "details": {"context_count": 21}}
{"ts": "2026-05-22T14:51:22.860102Z", "event": "active_context_refreshed", "details": {"activated_objects": 20}}
{"ts": "2026-05-22T14:51:22.860156Z", "event": "projection_refresh_completed", "details": {"trigger": "runtime_topology"}}
{"ts": "2026-05-22T14:51:22.860284Z", "event": "projection_skipped", "details": {"reason": "throttled", "trigger": "runtime_topology"}}
{"ts": "2026-05-22T14:54:04.348404Z", "event": "projection_no_changes", "details": {"path": "locality_index.json"}}
{"ts": "2026-05-22T14:54:04.349517Z", "event": "projection_no_changes", "details": {"path": "topology_compact.json"}}
{"ts": "2026-05-22T14:54:04.350144Z", "event": "projection_no_changes", "details": {"path": "compact_bundle.json"}}
{"ts": "2026-05-22T14:54:04.350823Z", "event": "projection_no_changes", "details": {"path": "active_context.json"}}
{"ts": "2026-05-22T14:54:04.354013Z", "event": "projection_refresh_started", "details": {"trigger": "runtime_topology", "reachable_files": 28, "edge_count": 49}}
{"ts": "2026-05-22T14:54:04.354081Z", "event": "topology_compact_refreshed", "details": {"edge_count": 49}}
{"ts": "2026-05-22T14:54:04.354136Z", "event": "locality_index_refreshed", "details": {"payload_count": 28}}
{"ts": "2026-05-22T14:54:04.354189Z", "event": "compact_bundle_refreshed", "details": {"context_count": 21}}
{"ts": "2026-05-22T14:54:04.354241Z", "event": "active_context_refreshed", "details": {"activated_objects": 20}}
{"ts": "2026-05-22T14:54:04.354291Z", "event": "projection_refresh_completed", "details": {"trigger": "runtime_topology"}}
{"ts": "2026-05-22T15:27:28.785408Z", "event": "projection_no_changes", "details": {"path": "locality_index.json"}}
{"ts": "2026-05-22T15:27:28.786605Z", "event": "projection_no_changes", "details": {"path": "topology_compact.json"}}
{"ts": "2026-05-22T15:27:28.787447Z", "event": "projection_no_changes", "details": {"path": "compact_bundle.json"}}
{"ts": "2026-05-22T15:27:28.789393Z", "event": "projection_no_changes", "details": {"path": "active_context.json"}}
{"ts": "2026-05-22T15:27:28.795287Z", "event": "projection_refresh_started", "details": {"trigger": "runtime_topology", "reachable_files": 28, "edge_count": 49}}
{"ts": "2026-05-22T15:27:28.795388Z", "event": "topology_compact_refreshed", "details": {"edge_count": 49}}
{"ts": "2026-05-22T15:27:28.795452Z", "event": "locality_index_refreshed", "details": {"payload_count": 28}}
{"ts": "2026-05-22T15:27:28.795511Z", "event": "compact_bundle_refreshed", "details": {"context_count": 21}}
{"ts": "2026-05-22T15:27:28.795568Z", "event": "active_context_refreshed", "details": {"activated_objects": 20}}
{"ts": "2026-05-22T15:27:28.795625Z", "event": "projection_refresh_completed", "details": {"trigger": "runtime_topology"}}
{"ts": "2026-05-22T15:49:50.679409Z", "event": "projection_no_changes", "details": {"path": "locality_index.json"}}
{"ts": "2026-05-22T15:49:50.680554Z", "event": "projection_no_changes", "details": {"path": "topology_compact.json"}}
{"ts": "2026-05-22T15:49:50.681234Z", "event": "projection_no_changes", "details": {"path": "compact_bundle.json"}}
{"ts": "2026-05-22T15:49:50.681906Z", "event": "projection_no_changes", "details": {"path": "active_context.json"}}
{"ts": "2026-05-22T15:49:50.684914Z", "event": "projection_refresh_started", "details": {"trigger": "runtime_topology", "reachable_files": 28, "edge_count": 49}}
{"ts": "2026-05-22T15:49:50.684975Z", "event": "topology_compact_refreshed", "details": {"edge_count": 49}}
{"ts": "2026-05-22T15:49:50.685030Z", "event": "locality_index_refreshed", "details": {"payload_count": 28}}
{"ts": "2026-05-22T15:49:50.685081Z", "event": "compact_bundle_refreshed", "details": {"context_count": 21}}
{"ts": "2026-05-22T15:49:50.685133Z", "event": "active_context_refreshed", "details": {"activated_objects": 20}}
{"ts": "2026-05-22T15:49:50.685344Z", "event": "projection_refresh_completed", "details": {"trigger": "runtime_topology"}}
{"ts": "2026-05-22T15:51:31.635892Z", "event": "projection_no_changes", "details": {"path": "locality_index.json"}}
{"ts": "2026-05-22T15:51:31.637312Z", "event": "projection_no_changes", "details": {"path": "topology_compact.json"}}
{"ts": "2026-05-22T15:51:31.638071Z", "event": "projection_no_changes", "details": {"path": "compact_bundle.json"}}
{"ts": "2026-05-22T15:51:31.638898Z", "event": "projection_no_changes", "details": {"path": "active_context.json"}}
{"ts": "2026-05-22T15:51:31.643758Z", "event": "projection_refresh_started", "details": {"trigger": "runtime_topology", "reachable_files": 28, "edge_count": 49}}
{"ts": "2026-05-22T15:51:31.643874Z", "event": "topology_compact_refreshed", "details": {"edge_count": 49}}
{"ts": "2026-05-22T15:51:31.643928Z", "event": "locality_index_refreshed", "details": {"payload_count": 28}}
{"ts": "2026-05-22T15:51:31.643979Z", "event": "compact_bundle_refreshed", "details": {"context_count": 21}}
{"ts": "2026-05-22T15:51:31.644050Z", "event": "active_context_refreshed", "details": {"activated_objects": 20}}
{"ts": "2026-05-22T15:51:31.644157Z", "event": "projection_refresh_completed", "details": {"trigger": "runtime_topology"}}
{"ts": "2026-05-22T15:51:31.988720Z", "event": "projection_no_changes", "details": {"path": "locality_index.json"}}
{"ts": "2026-05-22T15:51:31.989117Z", "event": "projection_no_changes", "details": {"path": "topology_compact.json"}}
{"ts": "2026-05-22T15:51:31.989621Z", "event": "projection_no_changes", "details": {"path": "compact_bundle.json"}}
{"ts": "2026-05-22T15:51:31.990099Z", "event": "projection_no_changes", "details": {"path": "active_context.json"}}
{"ts": "2026-05-22T15:51:31.991994Z", "event": "projection_refresh_started", "details": {"trigger": "runtime_topology", "reachable_files": 28, "edge_count": 49}}
{"ts": "2026-05-22T15:51:31.992055Z", "event": "topology_compact_refreshed", "details": {"edge_count": 49}}
{"ts": "2026-05-22T15:51:31.992120Z", "event": "locality_index_refreshed", "details": {"payload_count": 28}}
{"ts": "2026-05-22T15:51:31.992174Z", "event": "compact_bundle_refreshed", "details": {"context_count": 21}}
{"ts": "2026-05-22T15:51:31.992226Z", "event": "active_context_refreshed", "details": {"activated_objects": 20}}
{"ts": "2026-05-22T15:51:31.992279Z", "event": "projection_refresh_completed", "details": {"trigger": "runtime_topology"}}
{"ts": "2026-05-22T15:51:31.992391Z", "event": "projection_skipped", "details": {"reason": "throttled", "trigger": "runtime_topology"}}
{"ts": "2026-05-22T16:05:04.602677Z", "event": "projection_no_changes", "details": {"path": "locality_index.json"}}
{"ts": "2026-05-22T16:05:04.603595Z", "event": "projection_no_changes", "details": {"path": "topology_compact.json"}}
{"ts": "2026-05-22T16:05:04.605431Z", "event": "projection_no_changes", "details": {"path": "compact_bundle.json"}}
{"ts": "2026-05-22T16:05:04.606937Z", "event": "projection_no_changes", "details": {"path": "active_context.json"}}
{"ts": "2026-05-22T16:05:04.612270Z", "event": "projection_refresh_started", "details": {"trigger": "runtime_topology", "reachable_files": 28, "edge_count": 49}}
{"ts": "2026-05-22T16:05:04.612562Z", "event": "topology_compact_refreshed", "details": {"edge_count": 49}}
{"ts": "2026-05-22T16:05:04.612640Z", "event": "locality_index_refreshed", "details": {"payload_count": 28}}
{"ts": "2026-05-22T16:05:04.612883Z", "event": "compact_bundle_refreshed", "details": {"context_count": 21}}
{"ts": "2026-05-22T16:05:04.612997Z", "event": "active_context_refreshed", "details": {"activated_objects": 20}}
{"ts": "2026-05-22T16:05:04.613246Z", "event": "projection_refresh_completed", "details": {"trigger": "runtime_topology"}}
{"ts": "2026-05-22T16:42:04.742357Z", "event": "projection_no_changes", "details": {"path": "locality_index.json"}}
{"ts": "2026-05-22T16:42:04.743216Z", "event": "projection_no_changes", "details": {"path": "topology_compact.json"}}
{"ts": "2026-05-22T16:42:04.743910Z", "event": "projection_no_changes", "details": {"path": "compact_bundle.json"}}
{"ts": "2026-05-22T16:42:04.744621Z", "event": "projection_no_changes", "details": {"path": "active_context.json"}}
{"ts": "2026-05-22T16:42:04.748961Z", "event": "projection_refresh_started", "details": {"trigger": "runtime_topology", "reachable_files": 28, "edge_count": 49}}
{"ts": "2026-05-22T16:42:04.749075Z", "event": "topology_compact_refreshed", "details": {"edge_count": 49}}
{"ts": "2026-05-22T16:42:04.749135Z", "event": "locality_index_refreshed", "details": {"payload_count": 28}}
{"ts": "2026-05-22T16:42:04.749189Z", "event": "compact_bundle_refreshed", "details": {"context_count": 21}}
{"ts": "2026-05-22T16:42:04.749289Z", "event": "active_context_refreshed", "details": {"activated_objects": 20}}
{"ts": "2026-05-22T16:42:04.749343Z", "event": "projection_refresh_completed", "details": {"trigger": "runtime_topology"}}
{"ts": "2026-05-22T16:42:45.550787Z", "event": "projection_no_changes", "details": {"path": "locality_index.json"}}
{"ts": "2026-05-22T16:42:45.552157Z", "event": "projection_no_changes", "details": {"path": "topology_compact.json"}}
{"ts": "2026-05-22T16:42:45.553159Z", "event": "projection_no_changes", "details": {"path": "compact_bundle.json"}}
{"ts": "2026-05-22T16:42:45.553979Z", "event": "projection_no_changes", "details": {"path": "active_context.json"}}
{"ts": "2026-05-22T16:42:45.559983Z", "event": "projection_refresh_started", "details": {"trigger": "runtime_topology", "reachable_files": 28, "edge_count": 49}}
{"ts": "2026-05-22T16:42:45.560133Z", "event": "topology_compact_refreshed", "details": {"edge_count": 49}}
{"ts": "2026-05-22T16:42:45.560202Z", "event": "locality_index_refreshed", "details": {"payload_count": 28}}
{"ts": "2026-05-22T16:42:45.560261Z", "event": "compact_bundle_refreshed", "details": {"context_count": 21}}
{"ts": "2026-05-22T16:42:45.560319Z", "event": "active_context_refreshed", "details": {"activated_objects": 20}}
{"ts": "2026-05-22T16:42:45.560385Z", "event": "projection_refresh_completed", "details": {"trigger": "runtime_topology"}}
{"ts": "2026-05-22T16:42:45.560516Z", "event": "projection_skipped", "details": {"reason": "throttled", "trigger": "runtime_topology"}}
{"ts": "2026-05-22T16:43:17.448128Z", "event": "projection_no_changes", "details": {"path": "locality_index.json"}}
{"ts": "2026-05-22T16:43:17.448941Z", "event": "projection_no_changes", "details": {"path": "topology_compact.json"}}
{"ts": "2026-05-22T16:43:17.449636Z", "event": "projection_no_changes", "details": {"path": "compact_bundle.json"}}
{"ts": "2026-05-22T16:43:17.450393Z", "event": "projection_no_changes", "details": {"path": "active_context.json"}}
{"ts": "2026-05-22T16:43:17.456017Z", "event": "projection_refresh_started", "details": {"trigger": "runtime_topology", "reachable_files": 28, "edge_count": 49}}
{"ts": "2026-05-22T16:43:17.456122Z", "event": "topology_compact_refreshed", "details": {"edge_count": 49}}
{"ts": "2026-05-22T16:43:17.456186Z", "event": "locality_index_refreshed", "details": {"payload_count": 28}}
{"ts": "2026-05-22T16:43:17.456243Z", "event": "compact_bundle_refreshed", "details": {"context_count": 21}}
{"ts": "2026-05-22T16:43:17.456298Z", "event": "active_context_refreshed", "details": {"activated_objects": 20}}
{"ts": "2026-05-22T16:43:17.456348Z", "event": "projection_refresh_completed", "details": {"trigger": "runtime_topology"}}
{"ts": "2026-05-22T16:43:26.436636Z", "event": "projection_no_changes", "details": {"path": "locality_index.json"}}
{"ts": "2026-05-22T16:43:26.436965Z", "event": "projection_no_changes", "details": {"path": "topology_compact.json"}}
{"ts": "2026-05-22T16:43:26.437824Z", "event": "projection_no_changes", "details": {"path": "compact_bundle.json"}}
{"ts": "2026-05-22T16:43:26.438441Z", "event": "projection_no_changes", "details": {"path": "active_context.json"}}
{"ts": "2026-05-22T16:43:26.440428Z", "event": "projection_refresh_started", "details": {"trigger": "runtime_topology", "reachable_files": 28, "edge_count": 49}}
{"ts": "2026-05-22T16:43:26.440495Z", "event": "topology_compact_refreshed", "details": {"edge_count": 49}}
{"ts": "2026-05-22T16:43:26.440549Z", "event": "locality_index_refreshed", "details": {"payload_count": 28}}
{"ts": "2026-05-22T16:43:26.440655Z", "event": "compact_bundle_refreshed", "details": {"context_count": 21}}
{"ts": "2026-05-22T16:43:26.440729Z", "event": "active_context_refreshed", "details": {"activated_objects": 20}}
{"ts": "2026-05-22T16:43:26.440797Z", "event": "projection_refresh_completed", "details": {"trigger": "runtime_topology"}}
{"ts": "2026-05-22T16:43:26.440924Z", "event": "projection_skipped", "details": {"reason": "throttled", "trigger": "runtime_topology"}}
{"ts": "2026-05-22T16:43:26.652172Z", "event": "projection_no_changes", "details": {"path": "locality_index.json"}}
{"ts": "2026-05-22T16:43:26.652478Z", "event": "projection_no_changes", "details": {"path": "topology_compact.json"}}
{"ts": "2026-05-22T16:43:26.652925Z", "event": "projection_no_changes", "details": {"path": "compact_bundle.json"}}
{"ts": "2026-05-22T16:43:26.653382Z", "event": "projection_no_changes", "details": {"path": "active_context.json"}}
{"ts": "2026-05-22T16:43:26.655137Z", "event": "projection_refresh_started", "details": {"trigger": "runtime_topology", "reachable_files": 28, "edge_count": 49}}
{"ts": "2026-05-22T16:43:26.655301Z", "event": "topology_compact_refreshed", "details": {"edge_count": 49}}
{"ts": "2026-05-22T16:43:26.655413Z", "event": "locality_index_refreshed", "details": {"payload_count": 28}}
{"ts": "2026-05-22T16:43:26.655475Z", "event": "compact_bundle_refreshed", "details": {"context_count": 21}}
{"ts": "2026-05-22T16:43:26.655528Z", "event": "active_context_refreshed", "details": {"activated_objects": 20}}
{"ts": "2026-05-22T16:43:26.655579Z", "event": "projection_refresh_completed", "details": {"trigger": "runtime_topology"}}
{"ts": "2026-05-22T16:43:26.655707Z", "event": "projection_skipped", "details": {"reason": "throttled", "trigger": "runtime_topology"}}
{"ts": "2026-05-22T16:46:35.300147Z", "event": "projection_no_changes", "details": {"path": "locality_index.json"}}
{"ts": "2026-05-22T16:46:35.300919Z", "event": "projection_no_changes", "details": {"path": "topology_compact.json"}}
{"ts": "2026-05-22T16:46:35.301582Z", "event": "projection_no_changes", "details": {"path": "compact_bundle.json"}}
{"ts": "2026-05-22T16:46:35.302314Z", "event": "projection_no_changes", "details": {"path": "active_context.json"}}
{"ts": "2026-05-22T16:46:35.307344Z", "event": "projection_refresh_started", "details": {"trigger": "runtime_topology", "reachable_files": 28, "edge_count": 49}}
{"ts": "2026-05-22T16:46:35.307403Z", "event": "topology_compact_refreshed", "details": {"edge_count": 49}}
{"ts": "2026-05-22T16:46:35.307451Z", "event": "locality_index_refreshed", "details": {"payload_count": 28}}
{"ts": "2026-05-22T16:46:35.307498Z", "event": "compact_bundle_refreshed", "details": {"context_count": 21}}
{"ts": "2026-05-22T16:46:35.307544Z", "event": "active_context_refreshed", "details": {"activated_objects": 20}}
{"ts": "2026-05-22T16:46:35.307589Z", "event": "projection_refresh_completed", "details": {"trigger": "runtime_topology"}}
{"ts": "2026-05-22T18:18:26.144193Z", "event": "projection_no_changes", "details": {"path": "locality_index.json"}}
{"ts": "2026-05-22T18:18:26.144901Z", "event": "projection_no_changes", "details": {"path": "topology_compact.json"}}
{"ts": "2026-05-22T18:18:26.145590Z", "event": "projection_no_changes", "details": {"path": "compact_bundle.json"}}
{"ts": "2026-05-22T18:18:26.146311Z", "event": "projection_no_changes", "details": {"path": "active_context.json"}}
{"ts": "2026-05-22T18:18:26.150767Z", "event": "projection_refresh_started", "details": {"trigger": "runtime_topology", "reachable_files": 28, "edge_count": 49}}
{"ts": "2026-05-22T18:18:26.150869Z", "event": "topology_compact_refreshed", "details": {"edge_count": 49}}
{"ts": "2026-05-22T18:18:26.150924Z", "event": "locality_index_refreshed", "details": {"payload_count": 28}}
{"ts": "2026-05-22T18:18:26.150975Z", "event": "compact_bundle_refreshed", "details": {"context_count": 21}}
{"ts": "2026-05-22T18:18:26.151024Z", "event": "active_context_refreshed", "details": {"activated_objects": 20}}
{"ts": "2026-05-22T18:18:26.151073Z", "event": "projection_refresh_completed", "details": {"trigger": "runtime_topology"}}
{"ts": "2026-05-22T18:18:26.492582Z", "event": "projection_no_changes", "details": {"path": "locality_index.json"}}
{"ts": "2026-05-22T18:18:26.492884Z", "event": "projection_no_changes", "details": {"path": "topology_compact.json"}}
{"ts": "2026-05-22T18:18:26.493326Z", "event": "projection_no_changes", "details": {"path": "compact_bundle.json"}}
{"ts": "2026-05-22T18:18:26.493852Z", "event": "projection_no_changes", "details": {"path": "active_context.json"}}
{"ts": "2026-05-22T18:18:26.496239Z", "event": "projection_refresh_started", "details": {"trigger": "runtime_topology", "reachable_files": 28, "edge_count": 49}}
{"ts": "2026-05-22T18:18:26.496307Z", "event": "topology_compact_refreshed", "details": {"edge_count": 49}}
{"ts": "2026-05-22T18:18:26.496364Z", "event": "locality_index_refreshed", "details": {"payload_count": 28}}
{"ts": "2026-05-22T18:18:26.496423Z", "event": "compact_bundle_refreshed", "details": {"context_count": 21}}
{"ts": "2026-05-22T18:18:26.496477Z", "event": "active_context_refreshed", "details": {"activated_objects": 20}}
{"ts": "2026-05-22T18:18:26.496532Z", "event": "projection_refresh_completed", "details": {"trigger": "runtime_topology"}}
{"ts": "2026-05-22T18:18:26.496640Z", "event": "projection_skipped", "details": {"reason": "throttled", "trigger": "runtime_topology"}}
{"ts": "2026-05-23T13:11:59.768203Z", "event": "projection_no_changes", "details": {"path": "locality_index.json"}}
{"ts": "2026-05-23T13:11:59.771359Z", "event": "projection_no_changes", "details": {"path": "topology_compact.json"}}
{"ts": "2026-05-23T13:11:59.775010Z", "event": "projection_no_changes", "details": {"path": "compact_bundle.json"}}
{"ts": "2026-05-23T13:11:59.831244Z", "event": "projection_no_changes", "details": {"path": "active_context.json"}}
{"ts": "2026-05-23T13:12:00.184670Z", "event": "projection_refresh_started", "details": {"trigger": "runtime_topology", "reachable_files": 28, "edge_count": 49}}
{"ts": "2026-05-23T13:12:00.188495Z", "event": "topology_compact_refreshed", "details": {"edge_count": 49}}
{"ts": "2026-05-23T13:12:00.190464Z", "event": "locality_index_refreshed", "details": {"payload_count": 28}}
{"ts": "2026-05-23T13:12:00.192621Z", "event": "compact_bundle_refreshed", "details": {"context_count": 21}}
{"ts": "2026-05-23T13:12:00.194336Z", "event": "active_context_refreshed", "details": {"activated_objects": 20}}
{"ts": "2026-05-23T13:12:00.199871Z", "event": "projection_refresh_completed", "details": {"trigger": "runtime_topology"}}
{"ts": "2026-05-23T13:12:02.015507Z", "event": "projection_no_changes", "details": {"path": "locality_index.json"}}
{"ts": "2026-05-23T13:12:02.016166Z", "event": "projection_no_changes", "details": {"path": "topology_compact.json"}}
{"ts": "2026-05-23T13:12:02.016768Z", "event": "projection_no_changes", "details": {"path": "compact_bundle.json"}}
{"ts": "2026-05-23T13:12:02.022088Z", "event": "projection_no_changes", "details": {"path": "active_context.json"}}
{"ts": "2026-05-23T13:12:02.040281Z", "event": "projection_refresh_started", "details": {"trigger": "runtime_topology", "reachable_files": 28, "edge_count": 49}}
{"ts": "2026-05-23T13:12:02.040394Z", "event": "topology_compact_refreshed", "details": {"edge_count": 49}}
{"ts": "2026-05-23T13:12:02.040488Z", "event": "locality_index_refreshed", "details": {"payload_count": 28}}
{"ts": "2026-05-23T13:12:02.040556Z", "event": "compact_bundle_refreshed", "details": {"context_count": 21}}
{"ts": "2026-05-23T13:12:02.040769Z", "event": "active_context_refreshed", "details": {"activated_objects": 20}}
{"ts": "2026-05-23T13:12:02.041036Z", "event": "projection_refresh_completed", "details": {"trigger": "runtime_topology"}}
{"ts": "2026-05-23T13:12:02.041692Z", "event": "projection_skipped", "details": {"reason": "throttled", "trigger": "runtime_topology"}}
{"ts": "2026-05-23T13:12:02.633272Z", "event": "projection_no_changes", "details": {"path": "locality_index.json"}}
{"ts": "2026-05-23T13:12:02.633939Z", "event": "projection_no_changes", "details": {"path": "topology_compact.json"}}
{"ts": "2026-05-23T13:12:02.635257Z", "event": "projection_no_changes", "details": {"path": "compact_bundle.json"}}
{"ts": "2026-05-23T13:12:02.636289Z", "event": "projection_no_changes", "details": {"path": "active_context.json"}}
{"ts": "2026-05-23T13:12:02.640994Z", "event": "projection_refresh_started", "details": {"trigger": "runtime_topology", "reachable_files": 28, "edge_count": 49}}
{"ts": "2026-05-23T13:12:02.641191Z", "event": "topology_compact_refreshed", "details": {"edge_count": 49}}
{"ts": "2026-05-23T13:12:02.641282Z", "event": "locality_index_refreshed", "details": {"payload_count": 28}}
{"ts": "2026-05-23T13:12:02.641502Z", "event": "compact_bundle_refreshed", "details": {"context_count": 21}}
{"ts": "2026-05-23T13:12:02.641837Z", "event": "active_context_refreshed", "details": {"activated_objects": 20}}
{"ts": "2026-05-23T13:12:02.642016Z", "event": "projection_refresh_completed", "details": {"trigger": "runtime_topology"}}
{"ts": "2026-05-23T13:12:02.642356Z", "event": "projection_skipped", "details": {"reason": "throttled", "trigger": "runtime_topology"}}
{"ts": "2026-05-23T13:13:24.531719Z", "event": "projection_no_changes", "details": {"path": "locality_index.json"}}
{"ts": "2026-05-23T13:13:24.532955Z", "event": "projection_no_changes", "details": {"path": "topology_compact.json"}}
{"ts": "2026-05-23T13:13:24.533877Z", "event": "projection_no_changes", "details": {"path": "compact_bundle.json"}}
{"ts": "2026-05-23T13:13:24.534652Z", "event": "projection_no_changes", "details": {"path": "active_context.json"}}
{"ts": "2026-05-23T13:13:24.541004Z", "event": "projection_refresh_started", "details": {"trigger": "runtime_topology", "reachable_files": 28, "edge_count": 49}}
{"ts": "2026-05-23T13:13:24.541083Z", "event": "topology_compact_refreshed", "details": {"edge_count": 49}}
{"ts": "2026-05-23T13:13:24.541136Z", "event": "locality_index_refreshed", "details": {"payload_count": 28}}
{"ts": "2026-05-23T13:13:24.541190Z", "event": "compact_bundle_refreshed", "details": {"context_count": 21}}
{"ts": "2026-05-23T13:13:24.541239Z", "event": "active_context_refreshed", "details": {"activated_objects": 20}}
{"ts": "2026-05-23T13:13:24.541288Z", "event": "projection_refresh_completed", "details": {"trigger": "runtime_topology"}}
{"ts": "2026-05-23T13:13:29.435318Z", "event": "projection_refresh_started", "details": {"trigger": "runtime_topology", "reachable_files": 21, "edge_count": 36}}
{"ts": "2026-05-23T13:13:29.435663Z", "event": "topology_compact_refreshed", "details": {"edge_count": 36}}
{"ts": "2026-05-23T13:13:29.435783Z", "event": "locality_index_refreshed", "details": {"payload_count": 21}}
{"ts": "2026-05-23T13:13:29.435841Z", "event": "compact_bundle_refreshed", "details": {"context_count": 21}}
{"ts": "2026-05-23T13:13:29.435895Z", "event": "active_context_refreshed", "details": {"activated_objects": 20}}
{"ts": "2026-05-23T13:13:29.435986Z", "event": "projection_refresh_completed", "details": {"trigger": "runtime_topology"}}
{"ts": "2026-05-23T13:13:29.436145Z", "event": "projection_skipped", "details": {"reason": "throttled", "trigger": "runtime_topology"}}
{"ts": "2026-05-23T13:13:39.181629Z", "event": "projection_no_changes", "details": {"path": "locality_index.json"}}
{"ts": "2026-05-23T13:13:39.182213Z", "event": "projection_no_changes", "details": {"path": "topology_compact.json"}}
{"ts": "2026-05-23T13:13:39.182875Z", "event": "projection_no_changes", "details": {"path": "compact_bundle.json"}}
{"ts": "2026-05-23T13:13:39.183434Z", "event": "projection_no_changes", "details": {"path": "active_context.json"}}
{"ts": "2026-05-23T13:13:39.186218Z", "event": "projection_refresh_started", "details": {"trigger": "runtime_topology", "reachable_files": 21, "edge_count": 36}}
{"ts": "2026-05-23T13:13:39.186307Z", "event": "topology_compact_refreshed", "details": {"edge_count": 36}}
{"ts": "2026-05-23T13:13:39.186363Z", "event": "locality_index_refreshed", "details": {"payload_count": 21}}
{"ts": "2026-05-23T13:13:39.186414Z", "event": "compact_bundle_refreshed", "details": {"context_count": 21}}
{"ts": "2026-05-23T13:13:39.186488Z", "event": "active_context_refreshed", "details": {"activated_objects": 20}}
{"ts": "2026-05-23T13:13:39.186684Z", "event": "projection_refresh_completed", "details": {"trigger": "runtime_topology"}}
{"ts": "2026-05-23T13:13:39.187203Z", "event": "projection_skipped", "details": {"reason": "throttled", "trigger": "runtime_topology"}}
{"ts": "2026-05-23T13:18:54.212707Z", "event": "projection_no_changes", "details": {"path": "locality_index.json"}}
{"ts": "2026-05-23T13:18:54.213732Z", "event": "projection_no_changes", "details": {"path": "topology_compact.json"}}
{"ts": "2026-05-23T13:18:54.214568Z", "event": "projection_no_changes", "details": {"path": "compact_bundle.json"}}
{"ts": "2026-05-23T13:18:54.215369Z", "event": "projection_no_changes", "details": {"path": "active_context.json"}}
{"ts": "2026-05-23T13:18:54.228287Z", "event": "projection_refresh_started", "details": {"trigger": "runtime_topology", "reachable_files": 21, "edge_count": 36}}
{"ts": "2026-05-23T13:18:54.228380Z", "event": "topology_compact_refreshed", "details": {"edge_count": 36}}
{"ts": "2026-05-23T13:18:54.228439Z", "event": "locality_index_refreshed", "details": {"payload_count": 21}}
{"ts": "2026-05-23T13:18:54.228568Z", "event": "compact_bundle_refreshed", "details": {"context_count": 21}}
{"ts": "2026-05-23T13:18:54.228635Z", "event": "active_context_refreshed", "details": {"activated_objects": 20}}
{"ts": "2026-05-23T13:18:54.228855Z", "event": "projection_refresh_completed", "details": {"trigger": "runtime_topology"}}
{"ts": "2026-05-23T13:19:03.690173Z", "event": "projection_refresh_started", "details": {"trigger": "runtime_topology", "reachable_files": 29, "edge_count": 50}}
{"ts": "2026-05-23T13:19:03.690389Z", "event": "topology_compact_refreshed", "details": {"edge_count": 50}}
{"ts": "2026-05-23T13:19:03.690511Z", "event": "locality_index_refreshed", "details": {"payload_count": 29}}
{"ts": "2026-05-23T13:19:03.690574Z", "event": "compact_bundle_refreshed", "details": {"context_count": 21}}
{"ts": "2026-05-23T13:19:03.690633Z", "event": "active_context_refreshed", "details": {"activated_objects": 20}}
{"ts": "2026-05-23T13:19:03.690683Z", "event": "projection_refresh_completed", "details": {"trigger": "runtime_topology"}}
{"ts": "2026-05-23T13:19:03.690802Z", "event": "projection_skipped", "details": {"reason": "throttled", "trigger": "runtime_topology"}}
{"ts": "2026-05-23T13:19:54.778271Z", "event": "projection_no_changes", "details": {"path": "locality_index.json"}}
{"ts": "2026-05-23T13:19:54.779055Z", "event": "projection_no_changes", "details": {"path": "topology_compact.json"}}
{"ts": "2026-05-23T13:19:54.779771Z", "event": "projection_no_changes", "details": {"path": "compact_bundle.json"}}
{"ts": "2026-05-23T13:19:54.780486Z", "event": "projection_no_changes", "details": {"path": "active_context.json"}}
{"ts": "2026-05-23T13:19:54.785761Z", "event": "projection_refresh_started", "details": {"trigger": "runtime_topology", "reachable_files": 29, "edge_count": 50}}
{"ts": "2026-05-23T13:19:54.785878Z", "event": "topology_compact_refreshed", "details": {"edge_count": 50}}
{"ts": "2026-05-23T13:19:54.785939Z", "event": "locality_index_refreshed", "details": {"payload_count": 29}}
{"ts": "2026-05-23T13:19:54.785995Z", "event": "compact_bundle_refreshed", "details": {"context_count": 21}}
{"ts": "2026-05-23T13:19:54.786051Z", "event": "active_context_refreshed", "details": {"activated_objects": 20}}
{"ts": "2026-05-23T13:19:54.786101Z", "event": "projection_refresh_completed", "details": {"trigger": "runtime_topology"}}
{"ts": "2026-05-23T13:20:06.913822Z", "event": "projection_no_changes", "details": {"path": "locality_index.json"}}
{"ts": "2026-05-23T13:20:06.914493Z", "event": "projection_no_changes", "details": {"path": "topology_compact.json"}}
{"ts": "2026-05-23T13:20:06.915224Z", "event": "projection_no_changes", "details": {"path": "compact_bundle.json"}}
{"ts": "2026-05-23T13:20:06.916042Z", "event": "projection_no_changes", "details": {"path": "active_context.json"}}
{"ts": "2026-05-23T13:20:06.919562Z", "event": "projection_refresh_started", "details": {"trigger": "runtime_topology", "reachable_files": 29, "edge_count": 50}}
{"ts": "2026-05-23T13:20:06.919643Z", "event": "topology_compact_refreshed", "details": {"edge_count": 50}}
{"ts": "2026-05-23T13:20:06.919701Z", "event": "locality_index_refreshed", "details": {"payload_count": 29}}
{"ts": "2026-05-23T13:20:06.919753Z", "event": "compact_bundle_refreshed", "details": {"context_count": 21}}
{"ts": "2026-05-23T13:20:06.919803Z", "event": "active_context_refreshed", "details": {"activated_objects": 20}}
{"ts": "2026-05-23T13:20:06.919847Z", "event": "projection_refresh_completed", "details": {"trigger": "runtime_topology"}}
{"ts": "2026-05-23T13:20:06.919966Z", "event": "projection_skipped", "details": {"reason": "throttled", "trigger": "runtime_topology"}}
{"ts": "2026-05-23T13:20:07.158783Z", "event": "projection_no_changes", "details": {"path": "locality_index.json"}}
{"ts": "2026-05-23T13:20:07.159111Z", "event": "projection_no_changes", "details": {"path": "topology_compact.json"}}
{"ts": "2026-05-23T13:20:07.159760Z", "event": "projection_no_changes", "details": {"path": "compact_bundle.json"}}
{"ts": "2026-05-23T13:20:07.160460Z", "event": "projection_no_changes", "details": {"path": "active_context.json"}}
{"ts": "2026-05-23T13:20:07.162360Z", "event": "projection_refresh_started", "details": {"trigger": "runtime_topology", "reachable_files": 29, "edge_count": 50}}
{"ts": "2026-05-23T13:20:07.162418Z", "event": "topology_compact_refreshed", "details": {"edge_count": 50}}
{"ts": "2026-05-23T13:20:07.162471Z", "event": "locality_index_refreshed", "details": {"payload_count": 29}}
{"ts": "2026-05-23T13:20:07.162517Z", "event": "compact_bundle_refreshed", "details": {"context_count": 21}}
{"ts": "2026-05-23T13:20:07.162561Z", "event": "active_context_refreshed", "details": {"activated_objects": 20}}
{"ts": "2026-05-23T13:20:07.162610Z", "event": "projection_refresh_completed", "details": {"trigger": "runtime_topology"}}
{"ts": "2026-05-23T13:20:07.162708Z", "event": "projection_skipped", "details": {"reason": "throttled", "trigger": "runtime_topology"}}
{"ts": "2026-05-23T13:20:22.040793Z", "event": "projection_no_changes", "details": {"path": "locality_index.json"}}
{"ts": "2026-05-23T13:20:22.041505Z", "event": "projection_no_changes", "details": {"path": "topology_compact.json"}}
{"ts": "2026-05-23T13:20:22.042144Z", "event": "projection_no_changes", "details": {"path": "compact_bundle.json"}}
{"ts": "2026-05-23T13:20:22.042823Z", "event": "projection_no_changes", "details": {"path": "active_context.json"}}
{"ts": "2026-05-23T13:20:22.045349Z", "event": "projection_refresh_started", "details": {"trigger": "runtime_topology", "reachable_files": 29, "edge_count": 50}}
{"ts": "2026-05-23T13:20:22.045406Z", "event": "topology_compact_refreshed", "details": {"edge_count": 50}}
{"ts": "2026-05-23T13:20:22.045451Z", "event": "locality_index_refreshed", "details": {"payload_count": 29}}
{"ts": "2026-05-23T13:20:22.045497Z", "event": "compact_bundle_refreshed", "details": {"context_count": 21}}
{"ts": "2026-05-23T13:20:22.045541Z", "event": "active_context_refreshed", "details": {"activated_objects": 20}}
{"ts": "2026-05-23T13:20:22.045584Z", "event": "projection_refresh_completed", "details": {"trigger": "runtime_topology"}}
{"ts": "2026-05-23T13:20:22.045680Z", "event": "projection_skipped", "details": {"reason": "throttled", "trigger": "runtime_topology"}}
{"ts": "2026-05-23T13:20:22.265006Z", "event": "projection_no_changes", "details": {"path": "locality_index.json"}}
{"ts": "2026-05-23T13:20:22.265315Z", "event": "projection_no_changes", "details": {"path": "topology_compact.json"}}
{"ts": "2026-05-23T13:20:22.266227Z", "event": "projection_no_changes", "details": {"path": "compact_bundle.json"}}
{"ts": "2026-05-23T13:20:22.266766Z", "event": "projection_no_changes", "details": {"path": "active_context.json"}}
{"ts": "2026-05-23T13:20:22.268643Z", "event": "projection_refresh_started", "details": {"trigger": "runtime_topology", "reachable_files": 29, "edge_count": 50}}
{"ts": "2026-05-23T13:20:22.268702Z", "event": "topology_compact_refreshed", "details": {"edge_count": 50}}
{"ts": "2026-05-23T13:20:22.268748Z", "event": "locality_index_refreshed", "details": {"payload_count": 29}}
{"ts": "2026-05-23T13:20:22.268792Z", "event": "compact_bundle_refreshed", "details": {"context_count": 21}}
{"ts": "2026-05-23T13:20:22.268836Z", "event": "active_context_refreshed", "details": {"activated_objects": 20}}
{"ts": "2026-05-23T13:20:22.268886Z", "event": "projection_refresh_completed", "details": {"trigger": "runtime_topology"}}
{"ts": "2026-05-23T13:20:22.268998Z", "event": "projection_skipped", "details": {"reason": "throttled", "trigger": "runtime_topology"}}
{"ts": "2026-05-23T13:20:38.214449Z", "event": "projection_no_changes", "details": {"path": "locality_index.json"}}
{"ts": "2026-05-23T13:20:38.215048Z", "event": "projection_no_changes", "details": {"path": "topology_compact.json"}}
{"ts": "2026-05-23T13:20:38.215663Z", "event": "projection_no_changes", "details": {"path": "compact_bundle.json"}}
{"ts": "2026-05-23T13:20:38.216456Z", "event": "projection_no_changes", "details": {"path": "active_context.json"}}
{"ts": "2026-05-23T13:20:38.219832Z", "event": "projection_refresh_started", "details": {"trigger": "runtime_topology", "reachable_files": 29, "edge_count": 50}}
{"ts": "2026-05-23T13:20:38.219904Z", "event": "topology_compact_refreshed", "details": {"edge_count": 50}}
{"ts": "2026-05-23T13:20:38.219956Z", "event": "locality_index_refreshed", "details": {"payload_count": 29}}
{"ts": "2026-05-23T13:20:38.220008Z", "event": "compact_bundle_refreshed", "details": {"context_count": 21}}
{"ts": "2026-05-23T13:20:38.220069Z", "event": "active_context_refreshed", "details": {"activated_objects": 20}}
{"ts": "2026-05-23T13:20:38.220116Z", "event": "projection_refresh_completed", "details": {"trigger": "runtime_topology"}}
{"ts": "2026-05-23T13:20:38.220224Z", "event": "projection_skipped", "details": {"reason": "throttled", "trigger": "runtime_topology"}}
{"ts": "2026-05-23T13:20:38.463748Z", "event": "projection_no_changes", "details": {"path": "locality_index.json"}}
{"ts": "2026-05-23T13:20:38.464056Z", "event": "projection_no_changes", "details": {"path": "topology_compact.json"}}
{"ts": "2026-05-23T13:20:38.464500Z", "event": "projection_no_changes", "details": {"path": "compact_bundle.json"}}
{"ts": "2026-05-23T13:20:38.464960Z", "event": "projection_no_changes", "details": {"path": "active_context.json"}}
{"ts": "2026-05-23T13:20:38.466764Z", "event": "projection_refresh_started", "details": {"trigger": "runtime_topology", "reachable_files": 29, "edge_count": 50}}
{"ts": "2026-05-23T13:20:38.466817Z", "event": "topology_compact_refreshed", "details": {"edge_count": 50}}
{"ts": "2026-05-23T13:20:38.466863Z", "event": "locality_index_refreshed", "details": {"payload_count": 29}}
{"ts": "2026-05-23T13:20:38.466909Z", "event": "compact_bundle_refreshed", "details": {"context_count": 21}}
{"ts": "2026-05-23T13:20:38.466953Z", "event": "active_context_refreshed", "details": {"activated_objects": 20}}
{"ts": "2026-05-23T13:20:38.466997Z", "event": "projection_refresh_completed", "details": {"trigger": "runtime_topology"}}
{"ts": "2026-05-23T13:20:38.467100Z", "event": "projection_skipped", "details": {"reason": "throttled", "trigger": "runtime_topology"}}
{"ts": "2026-05-23T13:20:48.431546Z", "event": "projection_no_changes", "details": {"path": "locality_index.json"}}
{"ts": "2026-05-23T13:20:48.431903Z", "event": "projection_no_changes", "details": {"path": "topology_compact.json"}}
{"ts": "2026-05-23T13:20:48.432595Z", "event": "projection_no_changes", "details": {"path": "compact_bundle.json"}}
{"ts": "2026-05-23T13:20:48.433127Z", "event": "projection_no_changes", "details": {"path": "active_context.json"}}
{"ts": "2026-05-23T13:20:48.435313Z", "event": "projection_refresh_started", "details": {"trigger": "runtime_topology", "reachable_files": 29, "edge_count": 50}}
{"ts": "2026-05-23T13:20:48.435382Z", "event": "topology_compact_refreshed", "details": {"edge_count": 50}}
{"ts": "2026-05-23T13:20:48.435435Z", "event": "locality_index_refreshed", "details": {"payload_count": 29}}
{"ts": "2026-05-23T13:20:48.435487Z", "event": "compact_bundle_refreshed", "details": {"context_count": 21}}
{"ts": "2026-05-23T13:20:48.435536Z", "event": "active_context_refreshed", "details": {"activated_objects": 20}}
{"ts": "2026-05-23T13:20:48.435587Z", "event": "projection_refresh_completed", "details": {"trigger": "runtime_topology"}}
{"ts": "2026-05-23T13:20:48.435695Z", "event": "projection_skipped", "details": {"reason": "throttled", "trigger": "runtime_topology"}}
{"ts": "2026-05-23T13:20:56.518676Z", "event": "projection_no_changes", "details": {"path": "locality_index.json"}}
{"ts": "2026-05-23T13:20:56.520042Z", "event": "projection_no_changes", "details": {"path": "compact_bundle.json"}}
{"ts": "2026-05-23T13:20:56.525067Z", "event": "projection_refresh_started", "details": {"trigger": "runtime_topology", "reachable_files": 29, "edge_count": 51}}
{"ts": "2026-05-23T13:20:56.525162Z", "event": "topology_compact_refreshed", "details": {"edge_count": 51}}
{"ts": "2026-05-23T13:20:56.525222Z", "event": "locality_index_refreshed", "details": {"payload_count": 29}}
{"ts": "2026-05-23T13:20:56.525273Z", "event": "compact_bundle_refreshed", "details": {"context_count": 21}}
{"ts": "2026-05-23T13:20:56.525329Z", "event": "active_context_refreshed", "details": {"activated_objects": 20}}
{"ts": "2026-05-23T13:20:56.525383Z", "event": "projection_refresh_completed", "details": {"trigger": "runtime_topology"}}
{"ts": "2026-05-23T13:21:05.779373Z", "event": "projection_no_changes", "details": {"path": "locality_index.json"}}
{"ts": "2026-05-23T13:21:05.780086Z", "event": "projection_no_changes", "details": {"path": "topology_compact.json"}}
{"ts": "2026-05-23T13:21:05.780683Z", "event": "projection_no_changes", "details": {"path": "compact_bundle.json"}}
{"ts": "2026-05-23T13:21:05.781204Z", "event": "projection_no_changes", "details": {"path": "active_context.json"}}
{"ts": "2026-05-23T13:21:05.783833Z", "event": "projection_refresh_started", "details": {"trigger": "runtime_topology", "reachable_files": 29, "edge_count": 51}}
{"ts": "2026-05-23T13:21:05.783911Z", "event": "topology_compact_refreshed", "details": {"edge_count": 51}}
{"ts": "2026-05-23T13:21:05.783977Z", "event": "locality_index_refreshed", "details": {"payload_count": 29}}
{"ts": "2026-05-23T13:21:05.784035Z", "event": "compact_bundle_refreshed", "details": {"context_count": 21}}
{"ts": "2026-05-23T13:21:05.784091Z", "event": "active_context_refreshed", "details": {"activated_objects": 20}}
{"ts": "2026-05-23T13:21:05.784144Z", "event": "projection_refresh_completed", "details": {"trigger": "runtime_topology"}}
{"ts": "2026-05-23T13:21:05.784272Z", "event": "projection_skipped", "details": {"reason": "throttled", "trigger": "runtime_topology"}}
{"ts": "2026-05-23T13:21:26.194258Z", "event": "projection_no_changes", "details": {"path": "locality_index.json"}}
{"ts": "2026-05-23T13:21:26.195008Z", "event": "projection_no_changes", "details": {"path": "topology_compact.json"}}
{"ts": "2026-05-23T13:21:26.195684Z", "event": "projection_no_changes", "details": {"path": "compact_bundle.json"}}
{"ts": "2026-05-23T13:21:26.196359Z", "event": "projection_no_changes", "details": {"path": "active_context.json"}}
{"ts": "2026-05-23T13:21:26.199238Z", "event": "projection_refresh_started", "details": {"trigger": "runtime_topology", "reachable_files": 29, "edge_count": 51}}
{"ts": "2026-05-23T13:21:26.199318Z", "event": "topology_compact_refreshed", "details": {"edge_count": 51}}
{"ts": "2026-05-23T13:21:26.199376Z", "event": "locality_index_refreshed", "details": {"payload_count": 29}}
{"ts": "2026-05-23T13:21:26.199432Z", "event": "compact_bundle_refreshed", "details": {"context_count": 21}}
{"ts": "2026-05-23T13:21:26.199483Z", "event": "active_context_refreshed", "details": {"activated_objects": 20}}
{"ts": "2026-05-23T13:21:26.199533Z", "event": "projection_refresh_completed", "details": {"trigger": "runtime_topology"}}
{"ts": "2026-05-23T13:21:26.199649Z", "event": "projection_skipped", "details": {"reason": "throttled", "trigger": "runtime_topology"}}
{"ts": "2026-05-23T13:21:35.215175Z", "event": "projection_no_changes", "details": {"path": "locality_index.json"}}
{"ts": "2026-05-23T13:21:35.215798Z", "event": "projection_no_changes", "details": {"path": "topology_compact.json"}}
{"ts": "2026-05-23T13:21:35.216471Z", "event": "projection_no_changes", "details": {"path": "compact_bundle.json"}}
{"ts": "2026-05-23T13:21:35.216979Z", "event": "projection_no_changes", "details": {"path": "active_context.json"}}
{"ts": "2026-05-23T13:21:35.221294Z", "event": "projection_refresh_started", "details": {"trigger": "runtime_topology", "reachable_files": 29, "edge_count": 51}}
{"ts": "2026-05-23T13:21:35.221379Z", "event": "topology_compact_refreshed", "details": {"edge_count": 51}}
{"ts": "2026-05-23T13:21:35.221435Z", "event": "locality_index_refreshed", "details": {"payload_count": 29}}
{"ts": "2026-05-23T13:21:35.221525Z", "event": "compact_bundle_refreshed", "details": {"context_count": 21}}
{"ts": "2026-05-23T13:21:35.221592Z", "event": "active_context_refreshed", "details": {"activated_objects": 20}}
{"ts": "2026-05-23T13:21:35.221648Z", "event": "projection_refresh_completed", "details": {"trigger": "runtime_topology"}}
{"ts": "2026-05-23T13:21:35.221767Z", "event": "projection_skipped", "details": {"reason": "throttled", "trigger": "runtime_topology"}}
{"ts": "2026-05-23T13:21:35.525391Z", "event": "projection_no_changes", "details": {"path": "locality_index.json"}}
{"ts": "2026-05-23T13:21:35.525707Z", "event": "projection_no_changes", "details": {"path": "topology_compact.json"}}
{"ts": "2026-05-23T13:21:35.526755Z", "event": "projection_no_changes", "details": {"path": "compact_bundle.json"}}
{"ts": "2026-05-23T13:21:35.527520Z", "event": "projection_no_changes", "details": {"path": "active_context.json"}}
{"ts": "2026-05-23T13:21:35.529515Z", "event": "projection_refresh_started", "details": {"trigger": "runtime_topology", "reachable_files": 29, "edge_count": 51}}
{"ts": "2026-05-23T13:21:35.529575Z", "event": "topology_compact_refreshed", "details": {"edge_count": 51}}
{"ts": "2026-05-23T13:21:35.529625Z", "event": "locality_index_refreshed", "details": {"payload_count": 29}}
{"ts": "2026-05-23T13:21:35.529675Z", "event": "compact_bundle_refreshed", "details": {"context_count": 21}}
{"ts": "2026-05-23T13:21:35.529724Z", "event": "active_context_refreshed", "details": {"activated_objects": 20}}
{"ts": "2026-05-23T13:21:35.529772Z", "event": "projection_refresh_completed", "details": {"trigger": "runtime_topology"}}
{"ts": "2026-05-23T13:21:35.529880Z", "event": "projection_skipped", "details": {"reason": "throttled", "trigger": "runtime_topology"}}
{"ts": "2026-05-23T13:21:48.616988Z", "event": "projection_no_changes", "details": {"path": "locality_index.json"}}
{"ts": "2026-05-23T13:21:48.617661Z", "event": "projection_no_changes", "details": {"path": "topology_compact.json"}}
{"ts": "2026-05-23T13:21:48.618707Z", "event": "projection_no_changes", "details": {"path": "compact_bundle.json"}}
{"ts": "2026-05-23T13:21:48.620302Z", "event": "projection_no_changes", "details": {"path": "active_context.json"}}
{"ts": "2026-05-23T13:21:48.623314Z", "event": "projection_refresh_started", "details": {"trigger": "runtime_topology", "reachable_files": 29, "edge_count": 51}}
{"ts": "2026-05-23T13:21:48.623379Z", "event": "topology_compact_refreshed", "details": {"edge_count": 51}}
{"ts": "2026-05-23T13:21:48.623427Z", "event": "locality_index_refreshed", "details": {"payload_count": 29}}
{"ts": "2026-05-23T13:21:48.623474Z", "event": "compact_bundle_refreshed", "details": {"context_count": 21}}
{"ts": "2026-05-23T13:21:48.623519Z", "event": "active_context_refreshed", "details": {"activated_objects": 20}}
{"ts": "2026-05-23T13:21:48.623563Z", "event": "projection_refresh_completed", "details": {"trigger": "runtime_topology"}}
{"ts": "2026-05-23T13:21:48.623662Z", "event": "projection_skipped", "details": {"reason": "throttled", "trigger": "runtime_topology"}}
{"ts": "2026-05-23T13:39:26.022151Z", "event": "projection_no_changes", "details": {"path": "locality_index.json"}}
{"ts": "2026-05-23T13:39:26.022863Z", "event": "projection_no_changes", "details": {"path": "topology_compact.json"}}
{"ts": "2026-05-23T13:39:26.023939Z", "event": "projection_no_changes", "details": {"path": "compact_bundle.json"}}
{"ts": "2026-05-23T13:39:26.024662Z", "event": "projection_no_changes", "details": {"path": "active_context.json"}}
{"ts": "2026-05-23T13:39:26.028005Z", "event": "projection_refresh_started", "details": {"trigger": "runtime_topology", "reachable_files": 29, "edge_count": 51}}
{"ts": "2026-05-23T13:39:26.028079Z", "event": "topology_compact_refreshed", "details": {"edge_count": 51}}
{"ts": "2026-05-23T13:39:26.028139Z", "event": "locality_index_refreshed", "details": {"payload_count": 29}}
{"ts": "2026-05-23T13:39:26.028278Z", "event": "compact_bundle_refreshed", "details": {"context_count": 21}}
{"ts": "2026-05-23T13:39:26.028358Z", "event": "active_context_refreshed", "details": {"activated_objects": 20}}
{"ts": "2026-05-23T13:39:26.028409Z", "event": "projection_refresh_completed", "details": {"trigger": "runtime_topology"}}
{"ts": "2026-05-23T13:39:26.418617Z", "event": "projection_no_changes", "details": {"path": "locality_index.json"}}
{"ts": "2026-05-23T13:39:26.418969Z", "event": "projection_no_changes", "details": {"path": "topology_compact.json"}}
{"ts": "2026-05-23T13:39:26.419493Z", "event": "projection_no_changes", "details": {"path": "compact_bundle.json"}}
{"ts": "2026-05-23T13:39:26.420008Z", "event": "projection_no_changes", "details": {"path": "active_context.json"}}
{"ts": "2026-05-23T13:39:26.422057Z", "event": "projection_refresh_started", "details": {"trigger": "runtime_topology", "reachable_files": 29, "edge_count": 51}}
{"ts": "2026-05-23T13:39:26.422116Z", "event": "topology_compact_refreshed", "details": {"edge_count": 51}}
{"ts": "2026-05-23T13:39:26.422165Z", "event": "locality_index_refreshed", "details": {"payload_count": 29}}
{"ts": "2026-05-23T13:39:26.422215Z", "event": "compact_bundle_refreshed", "details": {"context_count": 21}}
{"ts": "2026-05-23T13:39:26.422264Z", "event": "active_context_refreshed", "details": {"activated_objects": 20}}
{"ts": "2026-05-23T13:39:26.422314Z", "event": "projection_refresh_completed", "details": {"trigger": "runtime_topology"}}
{"ts": "2026-05-23T13:39:26.422428Z", "event": "projection_skipped", "details": {"reason": "throttled", "trigger": "runtime_topology"}}
{"ts": "2026-05-23T13:39:26.659073Z", "event": "projection_no_changes", "details": {"path": "locality_index.json"}}
{"ts": "2026-05-23T13:39:26.659400Z", "event": "projection_no_changes", "details": {"path": "topology_compact.json"}}
{"ts": "2026-05-23T13:39:26.659887Z", "event": "projection_no_changes", "details": {"path": "compact_bundle.json"}}
{"ts": "2026-05-23T13:39:26.660408Z", "event": "projection_no_changes", "details": {"path": "active_context.json"}}
{"ts": "2026-05-23T13:39:26.662962Z", "event": "projection_refresh_started", "details": {"trigger": "runtime_topology", "reachable_files": 29, "edge_count": 51}}
{"ts": "2026-05-23T13:39:26.663040Z", "event": "topology_compact_refreshed", "details": {"edge_count": 51}}
{"ts": "2026-05-23T13:39:26.663097Z", "event": "locality_index_refreshed", "details": {"payload_count": 29}}
{"ts": "2026-05-23T13:39:26.663153Z", "event": "compact_bundle_refreshed", "details": {"context_count": 21}}
{"ts": "2026-05-23T13:39:26.663210Z", "event": "active_context_refreshed", "details": {"activated_objects": 20}}
{"ts": "2026-05-23T13:39:26.663268Z", "event": "projection_refresh_completed", "details": {"trigger": "runtime_topology"}}
{"ts": "2026-05-23T13:39:26.663396Z", "event": "projection_skipped", "details": {"reason": "throttled", "trigger": "runtime_topology"}}
{"ts": "2026-05-23T13:39:26.888887Z", "event": "projection_no_changes", "details": {"path": "locality_index.json"}}
{"ts": "2026-05-23T13:39:26.889191Z", "event": "projection_no_changes", "details": {"path": "topology_compact.json"}}
{"ts": "2026-05-23T13:39:26.889641Z", "event": "projection_no_changes", "details": {"path": "compact_bundle.json"}}
{"ts": "2026-05-23T13:39:26.890126Z", "event": "projection_no_changes", "details": {"path": "active_context.json"}}
{"ts": "2026-05-23T13:39:26.891900Z", "event": "projection_refresh_started", "details": {"trigger": "runtime_topology", "reachable_files": 29, "edge_count": 51}}
{"ts": "2026-05-23T13:39:26.891956Z", "event": "topology_compact_refreshed", "details": {"edge_count": 51}}
{"ts": "2026-05-23T13:39:26.892009Z", "event": "locality_index_refreshed", "details": {"payload_count": 29}}
{"ts": "2026-05-23T13:39:26.892071Z", "event": "compact_bundle_refreshed", "details": {"context_count": 21}}
{"ts": "2026-05-23T13:39:26.892118Z", "event": "active_context_refreshed", "details": {"activated_objects": 20}}
{"ts": "2026-05-23T13:39:26.892163Z", "event": "projection_refresh_completed", "details": {"trigger": "runtime_topology"}}
{"ts": "2026-05-23T13:39:26.892266Z", "event": "projection_skipped", "details": {"reason": "throttled", "trigger": "runtime_topology"}}
{"ts": "2026-05-23T13:39:27.112261Z", "event": "projection_no_changes", "details": {"path": "locality_index.json"}}
{"ts": "2026-05-23T13:39:27.112703Z", "event": "projection_no_changes", "details": {"path": "topology_compact.json"}}
{"ts": "2026-05-23T13:39:27.113186Z", "event": "projection_no_changes", "details": {"path": "compact_bundle.json"}}
{"ts": "2026-05-23T13:39:27.113665Z", "event": "projection_no_changes", "details": {"path": "active_context.json"}}
{"ts": "2026-05-23T13:39:27.115654Z", "event": "projection_refresh_started", "details": {"trigger": "runtime_topology", "reachable_files": 29, "edge_count": 51}}
{"ts": "2026-05-23T13:39:27.115721Z", "event": "topology_compact_refreshed", "details": {"edge_count": 51}}
{"ts": "2026-05-23T13:39:27.115770Z", "event": "locality_index_refreshed", "details": {"payload_count": 29}}
{"ts": "2026-05-23T13:39:27.115816Z", "event": "compact_bundle_refreshed", "details": {"context_count": 21}}
{"ts": "2026-05-23T13:39:27.115861Z", "event": "active_context_refreshed", "details": {"activated_objects": 20}}
{"ts": "2026-05-23T13:39:27.115905Z", "event": "projection_refresh_completed", "details": {"trigger": "runtime_topology"}}
{"ts": "2026-05-23T13:39:27.116012Z", "event": "projection_skipped", "details": {"reason": "throttled", "trigger": "runtime_topology"}}
{"ts": "2026-05-23T13:39:27.363568Z", "event": "projection_no_changes", "details": {"path": "locality_index.json"}}
{"ts": "2026-05-23T13:39:27.363866Z", "event": "projection_no_changes", "details": {"path": "topology_compact.json"}}
{"ts": "2026-05-23T13:39:27.364315Z", "event": "projection_no_changes", "details": {"path": "compact_bundle.json"}}
{"ts": "2026-05-23T13:39:27.364790Z", "event": "projection_no_changes", "details": {"path": "active_context.json"}}
{"ts": "2026-05-23T13:39:27.366543Z", "event": "projection_refresh_started", "details": {"trigger": "runtime_topology", "reachable_files": 29, "edge_count": 51}}
{"ts": "2026-05-23T13:39:27.366599Z", "event": "topology_compact_refreshed", "details": {"edge_count": 51}}
{"ts": "2026-05-23T13:39:27.366646Z", "event": "locality_index_refreshed", "details": {"payload_count": 29}}
{"ts": "2026-05-23T13:39:27.366692Z", "event": "compact_bundle_refreshed", "details": {"context_count": 21}}
{"ts": "2026-05-23T13:39:27.366737Z", "event": "active_context_refreshed", "details": {"activated_objects": 20}}
{"ts": "2026-05-23T13:39:27.366783Z", "event": "projection_refresh_completed", "details": {"trigger": "runtime_topology"}}
{"ts": "2026-05-23T13:39:27.366882Z", "event": "projection_skipped", "details": {"reason": "throttled", "trigger": "runtime_topology"}}
{"ts": "2026-05-23T13:39:27.584362Z", "event": "projection_no_changes", "details": {"path": "locality_index.json"}}
{"ts": "2026-05-23T13:39:27.584653Z", "event": "projection_no_changes", "details": {"path": "topology_compact.json"}}
{"ts": "2026-05-23T13:39:27.585094Z", "event": "projection_no_changes", "details": {"path": "compact_bundle.json"}}
{"ts": "2026-05-23T13:39:27.585572Z", "event": "projection_no_changes", "details": {"path": "active_context.json"}}
{"ts": "2026-05-23T13:39:27.587400Z", "event": "projection_refresh_started", "details": {"trigger": "runtime_topology", "reachable_files": 29, "edge_count": 51}}
{"ts": "2026-05-23T13:39:27.587454Z", "event": "topology_compact_refreshed", "details": {"edge_count": 51}}
{"ts": "2026-05-23T13:39:27.587502Z", "event": "locality_index_refreshed", "details": {"payload_count": 29}}
{"ts": "2026-05-23T13:39:27.587549Z", "event": "compact_bundle_refreshed", "details": {"context_count": 21}}
{"ts": "2026-05-23T13:39:27.587595Z", "event": "active_context_refreshed", "details": {"activated_objects": 20}}
{"ts": "2026-05-23T13:39:27.587640Z", "event": "projection_refresh_completed", "details": {"trigger": "runtime_topology"}}
{"ts": "2026-05-23T13:39:27.587747Z", "event": "projection_skipped", "details": {"reason": "throttled", "trigger": "runtime_topology"}}
{"ts": "2026-05-23T13:39:27.806694Z", "event": "projection_no_changes", "details": {"path": "locality_index.json"}}
{"ts": "2026-05-23T13:39:27.806991Z", "event": "projection_no_changes", "details": {"path": "topology_compact.json"}}
{"ts": "2026-05-23T13:39:27.807433Z", "event": "projection_no_changes", "details": {"path": "compact_bundle.json"}}
{"ts": "2026-05-23T13:39:27.807998Z", "event": "projection_no_changes", "details": {"path": "active_context.json"}}
{"ts": "2026-05-23T13:39:27.810123Z", "event": "projection_refresh_started", "details": {"trigger": "runtime_topology", "reachable_files": 29, "edge_count": 51}}
{"ts": "2026-05-23T13:39:27.810182Z", "event": "topology_compact_refreshed", "details": {"edge_count": 51}}
{"ts": "2026-05-23T13:39:27.810233Z", "event": "locality_index_refreshed", "details": {"payload_count": 29}}
{"ts": "2026-05-23T13:39:27.810280Z", "event": "compact_bundle_refreshed", "details": {"context_count": 21}}
{"ts": "2026-05-23T13:39:27.810325Z", "event": "active_context_refreshed", "details": {"activated_objects": 20}}
{"ts": "2026-05-23T13:39:27.810371Z", "event": "projection_refresh_completed", "details": {"trigger": "runtime_topology"}}
{"ts": "2026-05-23T13:39:27.810479Z", "event": "projection_skipped", "details": {"reason": "throttled", "trigger": "runtime_topology"}}
{"ts": "2026-05-23T13:39:28.029824Z", "event": "projection_no_changes", "details": {"path": "locality_index.json"}}
{"ts": "2026-05-23T13:39:28.030144Z", "event": "projection_no_changes", "details": {"path": "topology_compact.json"}}
{"ts": "2026-05-23T13:39:28.030594Z", "event": "projection_no_changes", "details": {"path": "compact_bundle.json"}}
{"ts": "2026-05-23T13:39:28.031173Z", "event": "projection_no_changes", "details": {"path": "active_context.json"}}
{"ts": "2026-05-23T13:39:28.033484Z", "event": "projection_refresh_started", "details": {"trigger": "runtime_topology", "reachable_files": 29, "edge_count": 51}}
{"ts": "2026-05-23T13:39:28.033547Z", "event": "topology_compact_refreshed", "details": {"edge_count": 51}}
{"ts": "2026-05-23T13:39:28.033600Z", "event": "locality_index_refreshed", "details": {"payload_count": 29}}
{"ts": "2026-05-23T13:39:28.033649Z", "event": "compact_bundle_refreshed", "details": {"context_count": 21}}
{"ts": "2026-05-23T13:39:28.033696Z", "event": "active_context_refreshed", "details": {"activated_objects": 20}}
{"ts": "2026-05-23T13:39:28.033743Z", "event": "projection_refresh_completed", "details": {"trigger": "runtime_topology"}}
{"ts": "2026-05-23T13:39:28.033855Z", "event": "projection_skipped", "details": {"reason": "throttled", "trigger": "runtime_topology"}}
{"ts": "2026-05-23T13:39:28.254520Z", "event": "projection_no_changes", "details": {"path": "locality_index.json"}}
{"ts": "2026-05-23T13:39:28.254834Z", "event": "projection_no_changes", "details": {"path": "topology_compact.json"}}
{"ts": "2026-05-23T13:39:28.255296Z", "event": "projection_no_changes", "details": {"path": "compact_bundle.json"}}
{"ts": "2026-05-23T13:39:28.255780Z", "event": "projection_no_changes", "details": {"path": "active_context.json"}}
{"ts": "2026-05-23T13:39:28.257685Z", "event": "projection_refresh_started", "details": {"trigger": "runtime_topology", "reachable_files": 29, "edge_count": 51}}
{"ts": "2026-05-23T13:39:28.257743Z", "event": "topology_compact_refreshed", "details": {"edge_count": 51}}
{"ts": "2026-05-23T13:39:28.257794Z", "event": "locality_index_refreshed", "details": {"payload_count": 29}}
{"ts": "2026-05-23T13:39:28.257843Z", "event": "compact_bundle_refreshed", "details": {"context_count": 21}}
{"ts": "2026-05-23T13:39:28.257890Z", "event": "active_context_refreshed", "details": {"activated_objects": 20}}
{"ts": "2026-05-23T13:39:28.257938Z", "event": "projection_refresh_completed", "details": {"trigger": "runtime_topology"}}
{"ts": "2026-05-23T13:39:28.258046Z", "event": "projection_skipped", "details": {"reason": "throttled", "trigger": "runtime_topology"}}
