{"ts": "2026-05-22T03:45:51.926026Z", "event": "topology_rebuild_completed", "details": {"runtime_reachable_files": 28, "topology_edge_count": 49}}
{"ts": "2026-05-22T03:46:18.192202Z", "event": "file_change_detected", "details": {"path": "install_workspace_integration.py"}}
{"ts": "2026-05-22T03:46:18.193247Z", "event": "topology_rebuild_started", "details": {"changed_files": ["install_workspace_integration.py"]}}
{"ts": "2026-05-22T03:46:18.522932Z", "event": "topology_rebuild_completed", "details": {"runtime_reachable_files": 28, "topology_edge_count": 49}}
{"ts": "2026-05-22T03:46:18.522997Z", "event": "continuity_refresh_started", "details": {"trigger": "runtime_topology", "reason": "runtime topology rebuild"}}
{"ts": "2026-05-22T03:46:18.636589Z", "event": "bridge_execution_succeeded", "details": {"cmd": ["/Users/raj/Developer/PECS/.venv/bin/python", "/Users/raj/Developer/PECS/.pecs/bridge/run_bridge.py", "refresh", "--workspace", "/Users/raj/Developer/PECS"], "stdout": "{\n  \"active_topology\": \"/Users/raj/Developer/PECS/.pecs/continuity/active_topology.json\",\n  \"architectural_decisions\": \"/Users/raj/Developer/PECS/.pecs/continuity/architectural_decisions.md\",\n  \"continuity_dir\": \"/Users/raj/Developer/PECS/.pecs/continuity\",\n  \"continuity_hydration_report\": \"/Users/raj/Developer/PECS/.pecs/continuity/continuity_hydration_report.json\",\n  \"current_workspace_focus\": \"/Users/raj/Developer/PECS/.pecs/continuity/current_workspace_focus.md\",\n  \"engineering_continuity_state\": \"/Users/raj/Developer/PECS/.pecs/continuity/engineering_continuity_state.json\",\n  \"locality_state\": \"/Users/raj/Developer/PECS/.pecs/continuity/locality_state.json\",\n  \"unresolved_tensions\": \"/Users/raj/Developer/PECS/.pecs/continuity/unresolved_tensions.md\"\n}"}}
{"ts": "2026-05-22T03:46:18.636914Z", "event": "continuity_refresh_completed", "details": {"trigger": "runtime_topology", "status": "success"}}
{"ts": "2026-05-22T03:46:52.964116Z", "event": "file_change_detected", "details": {"path": "install_workspace_integration.py"}}
{"ts": "2026-05-22T03:46:52.965361Z", "event": "topology_rebuild_started", "details": {"changed_files": ["install_workspace_integration.py"]}}
{"ts": "2026-05-22T03:46:53.424643Z", "event": "topology_rebuild_completed", "details": {"runtime_reachable_files": 28, "topology_edge_count": 49}}
{"ts": "2026-05-22T03:47:44.133221Z", "event": "file_change_detected", "details": {"path": "install_workspace_integration.py"}}
{"ts": "2026-05-22T03:47:44.134347Z", "event": "topology_rebuild_started", "details": {"changed_files": ["install_workspace_integration.py"]}}
{"ts": "2026-05-22T03:47:44.717745Z", "event": "topology_rebuild_completed", "details": {"runtime_reachable_files": 28, "topology_edge_count": 49}}
{"ts": "2026-05-22T03:47:44.717813Z", "event": "continuity_refresh_started", "details": {"trigger": "runtime_topology", "reason": "runtime topology rebuild"}}
{"ts": "2026-05-22T03:47:44.844681Z", "event": "bridge_execution_succeeded", "details": {"cmd": ["/Users/raj/Developer/PECS/.venv/bin/python", "/Users/raj/Developer/PECS/.pecs/bridge/run_bridge.py", "refresh", "--workspace", "/Users/raj/Developer/PECS"], "stdout": "{\n  \"active_topology\": \"/Users/raj/Developer/PECS/.pecs/continuity/active_topology.json\",\n  \"architectural_decisions\": \"/Users/raj/Developer/PECS/.pecs/continuity/architectural_decisions.md\",\n  \"continuity_dir\": \"/Users/raj/Developer/PECS/.pecs/continuity\",\n  \"continuity_hydration_report\": \"/Users/raj/Developer/PECS/.pecs/continuity/continuity_hydration_report.json\",\n  \"current_workspace_focus\": \"/Users/raj/Developer/PECS/.pecs/continuity/current_workspace_focus.md\",\n  \"engineering_continuity_state\": \"/Users/raj/Developer/PECS/.pecs/continuity/engineering_continuity_state.json\",\n  \"locality_state\": \"/Users/raj/Developer/PECS/.pecs/continuity/locality_state.json\",\n  \"unresolved_tensions\": \"/Users/raj/Developer/PECS/.pecs/continuity/unresolved_tensions.md\"\n}"}}
{"ts": "2026-05-22T03:47:44.845110Z", "event": "continuity_refresh_completed", "details": {"trigger": "runtime_topology", "status": "success"}}
{"ts": "2026-05-22T03:47:44.846534Z", "event": "file_change_detected", "details": {"path": "workspace_assets_manager.py"}}
{"ts": "2026-05-22T03:47:44.846738Z", "event": "topology_rebuild_started", "details": {"changed_files": ["workspace_assets_manager.py"]}}
{"ts": "2026-05-22T03:47:45.070334Z", "event": "topology_rebuild_completed", "details": {"runtime_reachable_files": 28, "topology_edge_count": 49}}
{"ts": "2026-05-22T03:47:45.070993Z", "event": "file_change_detected", "details": {"path": "install_workspace_integration.py"}}
{"ts": "2026-05-22T03:47:45.071179Z", "event": "topology_rebuild_started", "details": {"changed_files": ["install_workspace_integration.py"]}}
{"ts": "2026-05-22T03:47:45.282147Z", "event": "topology_rebuild_completed", "details": {"runtime_reachable_files": 28, "topology_edge_count": 49}}
{"ts": "2026-05-22T03:47:45.282840Z", "event": "file_change_detected", "details": {"path": "workspace_assets_manager.py"}}
{"ts": "2026-05-22T03:47:45.283153Z", "event": "topology_rebuild_started", "details": {"changed_files": ["workspace_assets_manager.py"]}}
{"ts": "2026-05-22T03:47:45.511228Z", "event": "topology_rebuild_completed", "details": {"runtime_reachable_files": 28, "topology_edge_count": 49}}
{"ts": "2026-05-22T04:01:18.708123Z", "event": "file_change_detected", "details": {"path": "install_workspace_integration.py"}}
{"ts": "2026-05-22T04:01:18.715649Z", "event": "topology_rebuild_started", "details": {"changed_files": ["install_workspace_integration.py"]}}
{"ts": "2026-05-22T04:01:19.172585Z", "event": "topology_rebuild_completed", "details": {"runtime_reachable_files": 28, "topology_edge_count": 49}}
{"ts": "2026-05-22T04:01:19.172664Z", "event": "continuity_refresh_started", "details": {"trigger": "runtime_topology", "reason": "runtime topology rebuild"}}
{"ts": "2026-05-22T04:01:19.388646Z", "event": "bridge_execution_succeeded", "details": {"cmd": ["/Users/raj/Developer/PECS/.venv/bin/python", "/Users/raj/Developer/PECS/.pecs/bridge/run_bridge.py", "refresh", "--workspace", "/Users/raj/Developer/PECS"], "stdout": "{\n  \"active_topology\": \"/Users/raj/Developer/PECS/.pecs/continuity/active_topology.json\",\n  \"architectural_decisions\": \"/Users/raj/Developer/PECS/.pecs/continuity/architectural_decisions.md\",\n  \"continuity_dir\": \"/Users/raj/Developer/PECS/.pecs/continuity\",\n  \"continuity_hydration_report\": \"/Users/raj/Developer/PECS/.pecs/continuity/continuity_hydration_report.json\",\n  \"current_workspace_focus\": \"/Users/raj/Developer/PECS/.pecs/continuity/current_workspace_focus.md\",\n  \"engineering_continuity_state\": \"/Users/raj/Developer/PECS/.pecs/continuity/engineering_continuity_state.json\",\n  \"locality_state\": \"/Users/raj/Developer/PECS/.pecs/continuity/locality_state.json\",\n  \"unresolved_tensions\": \"/Users/raj/Developer/PECS/.pecs/continuity/unresolved_tensions.md\"\n}"}}
{"ts": "2026-05-22T04:01:19.389090Z", "event": "continuity_refresh_completed", "details": {"trigger": "runtime_topology", "status": "success"}}
{"ts": "2026-05-22T04:01:33.806169Z", "event": "file_change_detected", "details": {"path": "install_workspace_integration.py"}}
{"ts": "2026-05-22T04:01:33.807502Z", "event": "topology_rebuild_started", "details": {"changed_files": ["install_workspace_integration.py"]}}
{"ts": "2026-05-22T04:01:34.514337Z", "event": "topology_rebuild_completed", "details": {"runtime_reachable_files": 28, "topology_edge_count": 49}}
{"ts": "2026-05-22T04:01:34.515086Z", "event": "file_change_detected", "details": {"path": "install_workspace_integration.py"}}
{"ts": "2026-05-22T04:01:34.515266Z", "event": "topology_rebuild_started", "details": {"changed_files": ["install_workspace_integration.py"]}}
{"ts": "2026-05-22T04:01:34.748543Z", "event": "topology_rebuild_completed", "details": {"runtime_reachable_files": 28, "topology_edge_count": 49}}
{"ts": "2026-05-22T04:02:09.045044Z", "event": "file_change_detected", "details": {"path": "install_workspace_integration.py"}}
{"ts": "2026-05-22T04:02:09.054626Z", "event": "topology_rebuild_started", "details": {"changed_files": ["install_workspace_integration.py"]}}
{"ts": "2026-05-22T04:02:09.772491Z", "event": "topology_rebuild_completed", "details": {"runtime_reachable_files": 28, "topology_edge_count": 49}}
{"ts": "2026-05-22T04:02:09.773340Z", "event": "file_change_detected", "details": {"path": "install_workspace_integration.py"}}
{"ts": "2026-05-22T04:02:09.773527Z", "event": "topology_rebuild_started", "details": {"changed_files": ["install_workspace_integration.py"]}}
{"ts": "2026-05-22T04:02:09.999050Z", "event": "topology_rebuild_completed", "details": {"runtime_reachable_files": 28, "topology_edge_count": 49}}
{"ts": "2026-05-22T04:02:47.157919Z", "event": "file_change_detected", "details": {"path": "install_workspace_integration.py"}}
{"ts": "2026-05-22T04:02:47.159096Z", "event": "topology_rebuild_started", "details": {"changed_files": ["install_workspace_integration.py"]}}
{"ts": "2026-05-22T04:02:47.418796Z", "event": "topology_rebuild_completed", "details": {"runtime_reachable_files": 28, "topology_edge_count": 49}}
{"ts": "2026-05-22T04:02:47.418928Z", "event": "continuity_refresh_started", "details": {"trigger": "runtime_topology", "reason": "runtime topology rebuild"}}
{"ts": "2026-05-22T04:02:47.591910Z", "event": "bridge_execution_succeeded", "details": {"cmd": ["/Users/raj/Developer/PECS/.venv/bin/python", "/Users/raj/Developer/PECS/.pecs/bridge/run_bridge.py", "refresh", "--workspace", "/Users/raj/Developer/PECS"], "stdout": "{\n  \"active_topology\": \"/Users/raj/Developer/PECS/.pecs/continuity/active_topology.json\",\n  \"architectural_decisions\": \"/Users/raj/Developer/PECS/.pecs/continuity/architectural_decisions.md\",\n  \"continuity_dir\": \"/Users/raj/Developer/PECS/.pecs/continuity\",\n  \"continuity_hydration_report\": \"/Users/raj/Developer/PECS/.pecs/continuity/continuity_hydration_report.json\",\n  \"current_workspace_focus\": \"/Users/raj/Developer/PECS/.pecs/continuity/current_workspace_focus.md\",\n  \"engineering_continuity_state\": \"/Users/raj/Developer/PECS/.pecs/continuity/engineering_continuity_state.json\",\n  \"locality_state\": \"/Users/raj/Developer/PECS/.pecs/continuity/locality_state.json\",\n  \"unresolved_tensions\": \"/Users/raj/Developer/PECS/.pecs/continuity/unresolved_tensions.md\"\n}"}}
{"ts": "2026-05-22T04:02:47.592273Z", "event": "continuity_refresh_completed", "details": {"trigger": "runtime_topology", "status": "success"}}
{"ts": "2026-05-22T04:03:32.021478Z", "event": "file_change_detected", "details": {"path": "install_workspace_integration.py"}}
{"ts": "2026-05-22T04:03:32.045887Z", "event": "topology_rebuild_started", "details": {"changed_files": ["install_workspace_integration.py"]}}
{"ts": "2026-05-22T04:03:32.351596Z", "event": "topology_rebuild_completed", "details": {"runtime_reachable_files": 28, "topology_edge_count": 47}}
{"ts": "2026-05-22T04:03:53.681272Z", "event": "file_change_detected", "details": {"path": "install_workspace_integration.py"}}
{"ts": "2026-05-22T04:03:53.686188Z", "event": "topology_rebuild_started", "details": {"changed_files": ["install_workspace_integration.py"]}}
{"ts": "2026-05-22T04:03:53.975575Z", "event": "topology_rebuild_completed", "details": {"runtime_reachable_files": 28, "topology_edge_count": 47}}
{"ts": "2026-05-22T04:03:53.975695Z", "event": "continuity_refresh_started", "details": {"trigger": "runtime_topology", "reason": "runtime topology rebuild"}}
{"ts": "2026-05-22T04:03:54.066727Z", "event": "bridge_execution_succeeded", "details": {"cmd": ["/Users/raj/Developer/PECS/.venv/bin/python", "/Users/raj/Developer/PECS/.pecs/bridge/run_bridge.py", "refresh", "--workspace", "/Users/raj/Developer/PECS"], "stdout": "{\n  \"active_topology\": \"/Users/raj/Developer/PECS/.pecs/continuity/active_topology.json\",\n  \"architectural_decisions\": \"/Users/raj/Developer/PECS/.pecs/continuity/architectural_decisions.md\",\n  \"continuity_dir\": \"/Users/raj/Developer/PECS/.pecs/continuity\",\n  \"continuity_hydration_report\": \"/Users/raj/Developer/PECS/.pecs/continuity/continuity_hydration_report.json\",\n  \"current_workspace_focus\": \"/Users/raj/Developer/PECS/.pecs/continuity/current_workspace_focus.md\",\n  \"engineering_continuity_state\": \"/Users/raj/Developer/PECS/.pecs/continuity/engineering_continuity_state.json\",\n  \"locality_state\": \"/Users/raj/Developer/PECS/.pecs/continuity/locality_state.json\",\n  \"unresolved_tensions\": \"/Users/raj/Developer/PECS/.pecs/continuity/unresolved_tensions.md\"\n}"}}
{"ts": "2026-05-22T04:03:54.067119Z", "event": "continuity_refresh_completed", "details": {"trigger": "runtime_topology", "status": "success"}}
{"ts": "2026-05-22T04:04:42.113951Z", "event": "file_change_detected", "details": {"path": "install_workspace_integration.py"}}
{"ts": "2026-05-22T04:04:42.132825Z", "event": "topology_rebuild_started", "details": {"changed_files": ["install_workspace_integration.py"]}}
{"ts": "2026-05-22T04:04:42.734948Z", "event": "topology_rebuild_completed", "details": {"runtime_reachable_files": 28, "topology_edge_count": 49}}
{"ts": "2026-05-22T04:04:42.735719Z", "event": "file_change_detected", "details": {"path": "install_workspace_integration.py"}}
{"ts": "2026-05-22T04:04:42.735912Z", "event": "topology_rebuild_started", "details": {"changed_files": ["install_workspace_integration.py"]}}
{"ts": "2026-05-22T04:04:42.990485Z", "event": "topology_rebuild_completed", "details": {"runtime_reachable_files": 28, "topology_edge_count": 49}}
{"ts": "2026-05-22T04:05:51.588556Z", "event": "file_change_detected", "details": {"path": "install_workspace_integration.py"}}
{"ts": "2026-05-22T04:05:51.589928Z", "event": "topology_rebuild_started", "details": {"changed_files": ["install_workspace_integration.py"]}}
{"ts": "2026-05-22T04:05:51.833958Z", "event": "topology_rebuild_completed", "details": {"runtime_reachable_files": 28, "topology_edge_count": 49}}
{"ts": "2026-05-22T04:05:51.834028Z", "event": "continuity_refresh_started", "details": {"trigger": "runtime_topology", "reason": "runtime topology rebuild"}}
{"ts": "2026-05-22T04:05:51.925211Z", "event": "bridge_execution_succeeded", "details": {"cmd": ["/Users/raj/Developer/PECS/.venv/bin/python", "/Users/raj/Developer/PECS/.pecs/bridge/run_bridge.py", "refresh", "--workspace", "/Users/raj/Developer/PECS"], "stdout": "{\n  \"active_topology\": \"/Users/raj/Developer/PECS/.pecs/continuity/active_topology.json\",\n  \"architectural_decisions\": \"/Users/raj/Developer/PECS/.pecs/continuity/architectural_decisions.md\",\n  \"continuity_dir\": \"/Users/raj/Developer/PECS/.pecs/continuity\",\n  \"continuity_hydration_report\": \"/Users/raj/Developer/PECS/.pecs/continuity/continuity_hydration_report.json\",\n  \"current_workspace_focus\": \"/Users/raj/Developer/PECS/.pecs/continuity/current_workspace_focus.md\",\n  \"engineering_continuity_state\": \"/Users/raj/Developer/PECS/.pecs/continuity/engineering_continuity_state.json\",\n  \"locality_state\": \"/Users/raj/Developer/PECS/.pecs/continuity/locality_state.json\",\n  \"unresolved_tensions\": \"/Users/raj/Developer/PECS/.pecs/continuity/unresolved_tensions.md\"\n}"}}
{"ts": "2026-05-22T04:05:51.925561Z", "event": "continuity_refresh_completed", "details": {"trigger": "runtime_topology", "status": "success"}}
{"ts": "2026-05-22T04:08:50.333436Z", "event": "file_change_detected", "details": {"path": "install_workspace_integration.py"}}
{"ts": "2026-05-22T04:08:50.335080Z", "event": "topology_rebuild_started", "details": {"changed_files": ["install_workspace_integration.py"]}}
{"ts": "2026-05-22T04:08:50.746385Z", "event": "topology_rebuild_completed", "details": {"runtime_reachable_files": 28, "topology_edge_count": 49}}
{"ts": "2026-05-22T04:08:50.746486Z", "event": "continuity_refresh_started", "details": {"trigger": "runtime_topology", "reason": "runtime topology rebuild"}}
{"ts": "2026-05-22T04:08:50.924584Z", "event": "bridge_execution_succeeded", "details": {"cmd": ["/Users/raj/Developer/PECS/.venv/bin/python", "/Users/raj/Developer/PECS/.pecs/bridge/run_bridge.py", "refresh", "--workspace", "/Users/raj/Developer/PECS"], "stdout": "{\n  \"active_topology\": \"/Users/raj/Developer/PECS/.pecs/continuity/active_topology.json\",\n  \"architectural_decisions\": \"/Users/raj/Developer/PECS/.pecs/continuity/architectural_decisions.md\",\n  \"continuity_dir\": \"/Users/raj/Developer/PECS/.pecs/continuity\",\n  \"continuity_hydration_report\": \"/Users/raj/Developer/PECS/.pecs/continuity/continuity_hydration_report.json\",\n  \"current_workspace_focus\": \"/Users/raj/Developer/PECS/.pecs/continuity/current_workspace_focus.md\",\n  \"engineering_continuity_state\": \"/Users/raj/Developer/PECS/.pecs/continuity/engineering_continuity_state.json\",\n  \"locality_state\": \"/Users/raj/Developer/PECS/.pecs/continuity/locality_state.json\",\n  \"unresolved_tensions\": \"/Users/raj/Developer/PECS/.pecs/continuity/unresolved_tensions.md\"\n}"}}
{"ts": "2026-05-22T04:08:50.925479Z", "event": "continuity_refresh_completed", "details": {"trigger": "runtime_topology", "status": "success"}}
{"ts": "2026-05-22T04:27:00.605965Z", "event": "file_change_detected", "details": {"path": "runtime/daemon/workspace_continuity_daemon.py"}}
{"ts": "2026-05-22T04:27:00.609355Z", "event": "topology_rebuild_started", "details": {"changed_files": ["runtime/daemon/workspace_continuity_daemon.py"]}}
{"ts": "2026-05-22T04:27:01.024699Z", "event": "topology_rebuild_completed", "details": {"runtime_reachable_files": 28, "topology_edge_count": 49}}
{"ts": "2026-05-22T04:27:01.024788Z", "event": "continuity_refresh_started", "details": {"trigger": "runtime_topology", "reason": "runtime topology rebuild"}}
{"ts": "2026-05-22T04:27:01.128392Z", "event": "bridge_execution_succeeded", "details": {"cmd": ["/Users/raj/Developer/PECS/.venv/bin/python", "/Users/raj/Developer/PECS/.pecs/bridge/run_bridge.py", "refresh", "--workspace", "/Users/raj/Developer/PECS"], "stdout": "{\n  \"active_topology\": \"/Users/raj/Developer/PECS/.pecs/continuity/active_topology.json\",\n  \"architectural_decisions\": \"/Users/raj/Developer/PECS/.pecs/continuity/architectural_decisions.md\",\n  \"continuity_dir\": \"/Users/raj/Developer/PECS/.pecs/continuity\",\n  \"continuity_hydration_report\": \"/Users/raj/Developer/PECS/.pecs/continuity/continuity_hydration_report.json\",\n  \"current_workspace_focus\": \"/Users/raj/Developer/PECS/.pecs/continuity/current_workspace_focus.md\",\n  \"engineering_continuity_state\": \"/Users/raj/Developer/PECS/.pecs/continuity/engineering_continuity_state.json\",\n  \"locality_state\": \"/Users/raj/Developer/PECS/.pecs/continuity/locality_state.json\",\n  \"unresolved_tensions\": \"/Users/raj/Developer/PECS/.pecs/continuity/unresolved_tensions.md\"\n}"}}
{"ts": "2026-05-22T04:27:01.128842Z", "event": "continuity_refresh_completed", "details": {"trigger": "runtime_topology", "status": "success"}}
{"ts": "2026-05-22T04:27:01.130191Z", "event": "file_change_detected", "details": {"path": "runtime/daemon/workspace_continuity_daemon.py"}}
{"ts": "2026-05-22T04:27:01.130413Z", "event": "topology_rebuild_started", "details": {"changed_files": ["runtime/daemon/workspace_continuity_daemon.py"]}}
{"ts": "2026-05-22T04:27:01.474607Z", "event": "topology_rebuild_completed", "details": {"runtime_reachable_files": 28, "topology_edge_count": 49}}
{"ts": "2026-05-22T05:17:08.584595Z", "event": "file_change_detected", "details": {"path": "runtime/daemon/workspace_continuity_daemon.py"}}
{"ts": "2026-05-22T05:17:08.586527Z", "event": "topology_rebuild_started", "details": {"changed_files": ["runtime/daemon/workspace_continuity_daemon.py"]}}
{"ts": "2026-05-22T05:17:08.851854Z", "event": "topology_rebuild_completed", "details": {"runtime_reachable_files": 28, "topology_edge_count": 49}}
{"ts": "2026-05-22T05:17:08.851917Z", "event": "continuity_refresh_started", "details": {"trigger": "runtime_topology", "reason": "runtime topology rebuild"}}
{"ts": "2026-05-22T05:17:08.988335Z", "event": "bridge_execution_succeeded", "details": {"cmd": ["/Users/raj/Developer/PECS/.venv/bin/python", "/Users/raj/Developer/PECS/.pecs/bridge/run_bridge.py", "refresh", "--workspace", "/Users/raj/Developer/PECS"], "stdout": "{\n  \"active_topology\": \"/Users/raj/Developer/PECS/.pecs/continuity/active_topology.json\",\n  \"architectural_decisions\": \"/Users/raj/Developer/PECS/.pecs/continuity/architectural_decisions.md\",\n  \"continuity_dir\": \"/Users/raj/Developer/PECS/.pecs/continuity\",\n  \"continuity_hydration_report\": \"/Users/raj/Developer/PECS/.pecs/continuity/continuity_hydration_report.json\",\n  \"current_workspace_focus\": \"/Users/raj/Developer/PECS/.pecs/continuity/current_workspace_focus.md\",\n  \"engineering_continuity_state\": \"/Users/raj/Developer/PECS/.pecs/continuity/engineering_continuity_state.json\",\n  \"locality_state\": \"/Users/raj/Developer/PECS/.pecs/continuity/locality_state.json\",\n  \"unresolved_tensions\": \"/Users/raj/Developer/PECS/.pecs/continuity/unresolved_tensions.md\"\n}"}}
{"ts": "2026-05-22T05:17:08.988691Z", "event": "continuity_refresh_completed", "details": {"trigger": "runtime_topology", "status": "success"}}
{"ts": "2026-05-22T05:21:05.187924Z", "event": "file_change_detected", "details": {"path": "runtime/daemon/workspace_continuity_daemon.py"}}
{"ts": "2026-05-22T05:21:05.204131Z", "event": "topology_rebuild_started", "details": {"changed_files": ["runtime/daemon/workspace_continuity_daemon.py"]}}
{"ts": "2026-05-22T05:21:05.586321Z", "event": "topology_rebuild_completed", "details": {"runtime_reachable_files": 28, "topology_edge_count": 49}}
{"ts": "2026-05-22T05:21:05.586436Z", "event": "continuity_refresh_started", "details": {"trigger": "runtime_topology", "reason": "runtime topology rebuild"}}
{"ts": "2026-05-22T05:21:05.703702Z", "event": "bridge_execution_succeeded", "details": {"cmd": ["/Users/raj/Developer/PECS/.venv/bin/python", "/Users/raj/Developer/PECS/.pecs/bridge/run_bridge.py", "refresh", "--workspace", "/Users/raj/Developer/PECS"], "stdout": "{\n  \"active_topology\": \"/Users/raj/Developer/PECS/.pecs/continuity/active_topology.json\",\n  \"architectural_decisions\": \"/Users/raj/Developer/PECS/.pecs/continuity/architectural_decisions.md\",\n  \"continuity_dir\": \"/Users/raj/Developer/PECS/.pecs/continuity\",\n  \"continuity_hydration_report\": \"/Users/raj/Developer/PECS/.pecs/continuity/continuity_hydration_report.json\",\n  \"current_workspace_focus\": \"/Users/raj/Developer/PECS/.pecs/continuity/current_workspace_focus.md\",\n  \"engineering_continuity_state\": \"/Users/raj/Developer/PECS/.pecs/continuity/engineering_continuity_state.json\",\n  \"locality_state\": \"/Users/raj/Developer/PECS/.pecs/continuity/locality_state.json\",\n  \"unresolved_tensions\": \"/Users/raj/Developer/PECS/.pecs/continuity/unresolved_tensions.md\"\n}"}}
{"ts": "2026-05-22T05:21:05.704121Z", "event": "continuity_refresh_completed", "details": {"trigger": "runtime_topology", "status": "success"}}
{"ts": "2026-05-22T05:21:05.723772Z", "event": "file_change_detected", "details": {"path": "runtime/daemon/workspace_continuity_daemon.py"}}
{"ts": "2026-05-22T05:21:05.724197Z", "event": "topology_rebuild_started", "details": {"changed_files": ["runtime/daemon/workspace_continuity_daemon.py"]}}
{"ts": "2026-05-22T05:21:05.986965Z", "event": "topology_rebuild_completed", "details": {"runtime_reachable_files": 28, "topology_edge_count": 49}}
{"ts": "2026-05-22T05:21:09.930314Z", "event": "file_change_detected", "details": {"path": "runtime/daemon/workspace_continuity_daemon.py"}}
{"ts": "2026-05-22T05:21:09.941650Z", "event": "topology_rebuild_started", "details": {"changed_files": ["runtime/daemon/workspace_continuity_daemon.py"]}}
{"ts": "2026-05-22T05:21:10.656482Z", "event": "topology_rebuild_completed", "details": {"runtime_reachable_files": 28, "topology_edge_count": 49}}
{"ts": "2026-05-22T08:22:25.693826Z", "event": "file_change_detected", "details": {"path": "topology/retrieval/topology_retriever.py"}}
{"ts": "2026-05-22T08:22:25.704054Z", "event": "topology_rebuild_started", "details": {"changed_files": ["topology/retrieval/topology_retriever.py"]}}
{"ts": "2026-05-22T08:22:26.244770Z", "event": "topology_rebuild_completed", "details": {"runtime_reachable_files": 28, "topology_edge_count": 49}}
{"ts": "2026-05-22T08:22:26.244831Z", "event": "continuity_refresh_started", "details": {"trigger": "runtime_topology", "reason": "runtime topology rebuild"}}
{"ts": "2026-05-22T08:22:26.385476Z", "event": "bridge_execution_succeeded", "details": {"cmd": ["/Users/raj/Developer/PECS/.venv/bin/python", "/Users/raj/Developer/PECS/.pecs/bridge/run_bridge.py", "refresh", "--workspace", "/Users/raj/Developer/PECS"], "stdout": "{\n  \"active_topology\": \"/Users/raj/Developer/PECS/.pecs/continuity/active_topology.json\",\n  \"architectural_decisions\": \"/Users/raj/Developer/PECS/.pecs/continuity/architectural_decisions.md\",\n  \"continuity_dir\": \"/Users/raj/Developer/PECS/.pecs/continuity\",\n  \"continuity_hydration_report\": \"/Users/raj/Developer/PECS/.pecs/continuity/continuity_hydration_report.json\",\n  \"current_workspace_focus\": \"/Users/raj/Developer/PECS/.pecs/continuity/current_workspace_focus.md\",\n  \"engineering_continuity_state\": \"/Users/raj/Developer/PECS/.pecs/continuity/engineering_continuity_state.json\",\n  \"locality_state\": \"/Users/raj/Developer/PECS/.pecs/continuity/locality_state.json\",\n  \"unresolved_tensions\": \"/Users/raj/Developer/PECS/.pecs/continuity/unresolved_tensions.md\"\n}"}}
{"ts": "2026-05-22T08:22:26.385814Z", "event": "continuity_refresh_completed", "details": {"trigger": "runtime_topology", "status": "success"}}
{"ts": "2026-05-22T08:22:33.825469Z", "event": "file_change_detected", "details": {"path": "topology/retrieval/topology_retriever.py"}}
{"ts": "2026-05-22T08:22:33.826214Z", "event": "topology_rebuild_started", "details": {"changed_files": ["topology/retrieval/topology_retriever.py"]}}
{"ts": "2026-05-22T08:22:34.080410Z", "event": "topology_rebuild_completed", "details": {"runtime_reachable_files": 28, "topology_edge_count": 49}}
{"ts": "2026-05-22T08:22:54.218662Z", "event": "file_change_detected", "details": {"path": "topology/retrieval/topology_retriever.py"}}
{"ts": "2026-05-22T08:22:54.219570Z", "event": "topology_rebuild_started", "details": {"changed_files": ["topology/retrieval/topology_retriever.py"]}}
{"ts": "2026-05-22T08:22:54.474690Z", "event": "topology_rebuild_completed", "details": {"runtime_reachable_files": 28, "topology_edge_count": 49}}
{"ts": "2026-05-22T08:23:23.854229Z", "event": "file_change_detected", "details": {"path": "topology/retrieval/topology_retriever.py"}}
{"ts": "2026-05-22T08:23:23.856052Z", "event": "topology_rebuild_started", "details": {"changed_files": ["topology/retrieval/topology_retriever.py"]}}
{"ts": "2026-05-22T08:23:24.144724Z", "event": "topology_rebuild_completed", "details": {"runtime_reachable_files": 28, "topology_edge_count": 49}}
{"ts": "2026-05-22T08:23:33.429150Z", "event": "file_change_detected", "details": {"path": "topology/retrieval/topology_retriever.py"}}
{"ts": "2026-05-22T08:23:33.430101Z", "event": "topology_rebuild_started", "details": {"changed_files": ["topology/retrieval/topology_retriever.py"]}}
{"ts": "2026-05-22T08:23:33.693183Z", "event": "topology_rebuild_completed", "details": {"runtime_reachable_files": 28, "topology_edge_count": 49}}
{"ts": "2026-05-22T08:23:33.693421Z", "event": "continuity_refresh_started", "details": {"trigger": "runtime_topology", "reason": "runtime topology rebuild"}}
{"ts": "2026-05-22T08:23:33.797456Z", "event": "bridge_execution_succeeded", "details": {"cmd": ["/Users/raj/Developer/PECS/.venv/bin/python", "/Users/raj/Developer/PECS/.pecs/bridge/run_bridge.py", "refresh", "--workspace", "/Users/raj/Developer/PECS"], "stdout": "{\n  \"active_topology\": \"/Users/raj/Developer/PECS/.pecs/continuity/active_topology.json\",\n  \"architectural_decisions\": \"/Users/raj/Developer/PECS/.pecs/continuity/architectural_decisions.md\",\n  \"continuity_dir\": \"/Users/raj/Developer/PECS/.pecs/continuity\",\n  \"continuity_hydration_report\": \"/Users/raj/Developer/PECS/.pecs/continuity/continuity_hydration_report.json\",\n  \"current_workspace_focus\": \"/Users/raj/Developer/PECS/.pecs/continuity/current_workspace_focus.md\",\n  \"engineering_continuity_state\": \"/Users/raj/Developer/PECS/.pecs/continuity/engineering_continuity_state.json\",\n  \"locality_state\": \"/Users/raj/Developer/PECS/.pecs/continuity/locality_state.json\",\n  \"unresolved_tensions\": \"/Users/raj/Developer/PECS/.pecs/continuity/unresolved_tensions.md\"\n}"}}
{"ts": "2026-05-22T08:23:33.797862Z", "event": "continuity_refresh_completed", "details": {"trigger": "runtime_topology", "status": "success"}}
{"ts": "2026-05-22T08:23:49.726974Z", "event": "file_change_detected", "details": {"path": "integrations/pecs_pro_query_adapter.py"}}
{"ts": "2026-05-22T08:23:49.728778Z", "event": "topology_rebuild_started", "details": {"changed_files": ["integrations/pecs_pro_query_adapter.py"]}}
{"ts": "2026-05-22T08:23:50.021513Z", "event": "topology_rebuild_completed", "details": {"runtime_reachable_files": 28, "topology_edge_count": 49}}
{"ts": "2026-05-22T08:23:50.022961Z", "event": "file_change_detected", "details": {"path": "integrations/pecs_pro_query_adapter.py"}}
{"ts": "2026-05-22T08:23:50.023683Z", "event": "topology_rebuild_started", "details": {"changed_files": ["integrations/pecs_pro_query_adapter.py"]}}
{"ts": "2026-05-22T08:23:50.457391Z", "event": "topology_rebuild_completed", "details": {"runtime_reachable_files": 28, "topology_edge_count": 49}}
{"ts": "2026-05-22T08:23:58.983546Z", "event": "file_change_detected", "details": {"path": "integrations/pecs_pro_query_adapter.py"}}
{"ts": "2026-05-22T08:23:58.984190Z", "event": "topology_rebuild_started", "details": {"changed_files": ["integrations/pecs_pro_query_adapter.py"]}}
{"ts": "2026-05-22T08:23:59.254971Z", "event": "topology_rebuild_completed", "details": {"runtime_reachable_files": 28, "topology_edge_count": 49}}
{"ts": "2026-05-22T08:24:32.792589Z", "event": "file_change_detected", "details": {"path": "integrations/pecs_pro_query_adapter.py"}}
{"ts": "2026-05-22T08:24:32.795067Z", "event": "topology_rebuild_started", "details": {"changed_files": ["integrations/pecs_pro_query_adapter.py"]}}
{"ts": "2026-05-22T08:24:33.148419Z", "event": "topology_rebuild_completed", "details": {"runtime_reachable_files": 28, "topology_edge_count": 49}}
{"ts": "2026-05-22T08:27:28.662690Z", "event": "file_change_detected", "details": {"path": "integrations/pecs_lite_projection_hardener.py"}}
{"ts": "2026-05-22T08:27:28.669146Z", "event": "topology_rebuild_started", "details": {"changed_files": ["integrations/pecs_lite_projection_hardener.py"]}}
{"ts": "2026-05-22T08:27:29.216636Z", "event": "topology_rebuild_completed", "details": {"runtime_reachable_files": 28, "topology_edge_count": 49}}
{"ts": "2026-05-22T08:27:29.216719Z", "event": "continuity_refresh_started", "details": {"trigger": "runtime_topology", "reason": "runtime topology rebuild"}}
{"ts": "2026-05-22T08:27:29.487632Z", "event": "bridge_execution_succeeded", "details": {"cmd": ["/Users/raj/Developer/PECS/.venv/bin/python", "/Users/raj/Developer/PECS/.pecs/bridge/run_bridge.py", "refresh", "--workspace", "/Users/raj/Developer/PECS"], "stdout": "{\n  \"active_topology\": \"/Users/raj/Developer/PECS/.pecs/continuity/active_topology.json\",\n  \"architectural_decisions\": \"/Users/raj/Developer/PECS/.pecs/continuity/architectural_decisions.md\",\n  \"continuity_dir\": \"/Users/raj/Developer/PECS/.pecs/continuity\",\n  \"continuity_hydration_report\": \"/Users/raj/Developer/PECS/.pecs/continuity/continuity_hydration_report.json\",\n  \"current_workspace_focus\": \"/Users/raj/Developer/PECS/.pecs/continuity/current_workspace_focus.md\",\n  \"engineering_continuity_state\": \"/Users/raj/Developer/PECS/.pecs/continuity/engineering_continuity_state.json\",\n  \"locality_state\": \"/Users/raj/Developer/PECS/.pecs/continuity/locality_state.json\",\n  \"unresolved_tensions\": \"/Users/raj/Developer/PECS/.pecs/continuity/unresolved_tensions.md\"\n}"}}
{"ts": "2026-05-22T08:27:29.488243Z", "event": "continuity_refresh_completed", "details": {"trigger": "runtime_topology", "status": "success"}}
{"ts": "2026-05-22T08:27:29.490408Z", "event": "file_change_detected", "details": {"path": "integrations/pecs_lite_projection_hardener.py"}}
{"ts": "2026-05-22T08:27:29.490667Z", "event": "topology_rebuild_started", "details": {"changed_files": ["integrations/pecs_lite_projection_hardener.py"]}}
{"ts": "2026-05-22T08:27:30.020594Z", "event": "topology_rebuild_completed", "details": {"runtime_reachable_files": 28, "topology_edge_count": 49}}
{"ts": "2026-05-22T09:05:15.328712Z", "event": "file_change_detected", "details": {"path": "topology/retrieval/topology_retriever.py"}}
{"ts": "2026-05-22T09:05:15.335038Z", "event": "topology_rebuild_started", "details": {"changed_files": ["topology/retrieval/topology_retriever.py"]}}
{"ts": "2026-05-22T09:05:15.682524Z", "event": "topology_rebuild_completed", "details": {"runtime_reachable_files": 28, "topology_edge_count": 49}}
{"ts": "2026-05-22T09:05:15.682592Z", "event": "continuity_refresh_started", "details": {"trigger": "runtime_topology", "reason": "runtime topology rebuild"}}
{"ts": "2026-05-22T09:05:15.802046Z", "event": "bridge_execution_succeeded", "details": {"cmd": ["/Users/raj/Developer/PECS/.venv/bin/python", "/Users/raj/Developer/PECS/.pecs/bridge/run_bridge.py", "refresh", "--workspace", "/Users/raj/Developer/PECS"], "stdout": "{\n  \"active_topology\": \"/Users/raj/Developer/PECS/.pecs/continuity/active_topology.json\",\n  \"architectural_decisions\": \"/Users/raj/Developer/PECS/.pecs/continuity/architectural_decisions.md\",\n  \"continuity_dir\": \"/Users/raj/Developer/PECS/.pecs/continuity\",\n  \"continuity_hydration_report\": \"/Users/raj/Developer/PECS/.pecs/continuity/continuity_hydration_report.json\",\n  \"current_workspace_focus\": \"/Users/raj/Developer/PECS/.pecs/continuity/current_workspace_focus.md\",\n  \"engineering_continuity_state\": \"/Users/raj/Developer/PECS/.pecs/continuity/engineering_continuity_state.json\",\n  \"locality_state\": \"/Users/raj/Developer/PECS/.pecs/continuity/locality_state.json\",\n  \"unresolved_tensions\": \"/Users/raj/Developer/PECS/.pecs/continuity/unresolved_tensions.md\"\n}"}}
{"ts": "2026-05-22T09:05:15.802454Z", "event": "continuity_refresh_completed", "details": {"trigger": "runtime_topology", "status": "success"}}
{"ts": "2026-05-22T09:05:15.803875Z", "event": "file_change_detected", "details": {"path": "integrations/pecs_lite_projection_hardener.py"}}
{"ts": "2026-05-22T09:05:15.804127Z", "event": "topology_rebuild_started", "details": {"changed_files": ["integrations/pecs_lite_projection_hardener.py"]}}
{"ts": "2026-05-22T09:05:16.067754Z", "event": "topology_rebuild_completed", "details": {"runtime_reachable_files": 28, "topology_edge_count": 49}}
{"ts": "2026-05-22T09:05:16.068404Z", "event": "file_change_detected", "details": {"path": "integrations/pecs_pro_query_adapter.py"}}
{"ts": "2026-05-22T09:05:16.068583Z", "event": "topology_rebuild_started", "details": {"changed_files": ["integrations/pecs_pro_query_adapter.py"]}}
{"ts": "2026-05-22T09:05:16.423937Z", "event": "topology_rebuild_completed", "details": {"runtime_reachable_files": 28, "topology_edge_count": 49}}
{"ts": "2026-05-22T09:05:16.424550Z", "event": "file_change_detected", "details": {"path": "integrations/pecs_lite_projection_hardener.py"}}
{"ts": "2026-05-22T09:05:16.424721Z", "event": "topology_rebuild_started", "details": {"changed_files": ["integrations/pecs_lite_projection_hardener.py"]}}
{"ts": "2026-05-22T09:05:16.649848Z", "event": "topology_rebuild_completed", "details": {"runtime_reachable_files": 28, "topology_edge_count": 49}}
{"ts": "2026-05-22T09:05:16.650435Z", "event": "file_change_detected", "details": {"path": "topology/retrieval/topology_retriever.py"}}
{"ts": "2026-05-22T09:05:16.650596Z", "event": "topology_rebuild_started", "details": {"changed_files": ["topology/retrieval/topology_retriever.py"]}}
{"ts": "2026-05-22T09:05:16.863124Z", "event": "topology_rebuild_completed", "details": {"runtime_reachable_files": 28, "topology_edge_count": 49}}
{"ts": "2026-05-22T09:13:16.377485Z", "event": "file_change_detected", "details": {"path": "runtime/daemon/workspace_continuity_daemon.py"}}
{"ts": "2026-05-22T09:13:16.380589Z", "event": "topology_rebuild_started", "details": {"changed_files": ["runtime/daemon/workspace_continuity_daemon.py"]}}
{"ts": "2026-05-22T09:13:16.629515Z", "event": "topology_rebuild_completed", "details": {"runtime_reachable_files": 28, "topology_edge_count": 49}}
{"ts": "2026-05-22T09:13:16.629583Z", "event": "continuity_refresh_started", "details": {"trigger": "runtime_topology", "reason": "runtime topology rebuild"}}
{"ts": "2026-05-22T09:13:16.735265Z", "event": "bridge_execution_succeeded", "details": {"cmd": ["/Users/raj/Developer/PECS/.venv/bin/python", "/Users/raj/Developer/PECS/.pecs/bridge/run_bridge.py", "refresh", "--workspace", "/Users/raj/Developer/PECS"], "stdout": "{\n  \"active_topology\": \"/Users/raj/Developer/PECS/.pecs/continuity/active_topology.json\",\n  \"architectural_decisions\": \"/Users/raj/Developer/PECS/.pecs/continuity/architectural_decisions.md\",\n  \"continuity_dir\": \"/Users/raj/Developer/PECS/.pecs/continuity\",\n  \"continuity_hydration_report\": \"/Users/raj/Developer/PECS/.pecs/continuity/continuity_hydration_report.json\",\n  \"current_workspace_focus\": \"/Users/raj/Developer/PECS/.pecs/continuity/current_workspace_focus.md\",\n  \"engineering_continuity_state\": \"/Users/raj/Developer/PECS/.pecs/continuity/engineering_continuity_state.json\",\n  \"locality_state\": \"/Users/raj/Developer/PECS/.pecs/continuity/locality_state.json\",\n  \"unresolved_tensions\": \"/Users/raj/Developer/PECS/.pecs/continuity/unresolved_tensions.md\"\n}"}}
{"ts": "2026-05-22T09:13:16.735557Z", "event": "continuity_refresh_completed", "details": {"trigger": "runtime_topology", "status": "success"}}
{"ts": "2026-05-22T09:13:46.254331Z", "event": "file_change_detected", "details": {"path": "runtime/daemon/workspace_continuity_daemon.py"}}
{"ts": "2026-05-22T09:13:46.255247Z", "event": "topology_rebuild_started", "details": {"changed_files": ["runtime/daemon/workspace_continuity_daemon.py"]}}
{"ts": "2026-05-22T09:13:46.576044Z", "event": "topology_rebuild_completed", "details": {"runtime_reachable_files": 28, "topology_edge_count": 49}}
{"ts": "2026-05-22T09:14:25.574291Z", "event": "file_change_detected", "details": {"path": "topology/retrieval/topology_retriever.py"}}
{"ts": "2026-05-22T09:14:25.575112Z", "event": "topology_rebuild_started", "details": {"changed_files": ["topology/retrieval/topology_retriever.py"]}}
{"ts": "2026-05-22T09:14:26.021084Z", "event": "topology_rebuild_completed", "details": {"runtime_reachable_files": 28, "topology_edge_count": 49}}
{"ts": "2026-05-22T09:14:26.021183Z", "event": "continuity_refresh_started", "details": {"trigger": "runtime_topology", "reason": "runtime topology rebuild"}}
{"ts": "2026-05-22T09:14:26.124044Z", "event": "bridge_execution_succeeded", "details": {"cmd": ["/Users/raj/Developer/PECS/.venv/bin/python", "/Users/raj/Developer/PECS/.pecs/bridge/run_bridge.py", "refresh", "--workspace", "/Users/raj/Developer/PECS"], "stdout": "{\n  \"active_topology\": \"/Users/raj/Developer/PECS/.pecs/continuity/active_topology.json\",\n  \"architectural_decisions\": \"/Users/raj/Developer/PECS/.pecs/continuity/architectural_decisions.md\",\n  \"continuity_dir\": \"/Users/raj/Developer/PECS/.pecs/continuity\",\n  \"continuity_hydration_report\": \"/Users/raj/Developer/PECS/.pecs/continuity/continuity_hydration_report.json\",\n  \"current_workspace_focus\": \"/Users/raj/Developer/PECS/.pecs/continuity/current_workspace_focus.md\",\n  \"engineering_continuity_state\": \"/Users/raj/Developer/PECS/.pecs/continuity/engineering_continuity_state.json\",\n  \"locality_state\": \"/Users/raj/Developer/PECS/.pecs/continuity/locality_state.json\",\n  \"unresolved_tensions\": \"/Users/raj/Developer/PECS/.pecs/continuity/unresolved_tensions.md\"\n}"}}
{"ts": "2026-05-22T09:14:26.124426Z", "event": "continuity_refresh_completed", "details": {"trigger": "runtime_topology", "status": "success"}}
{"ts": "2026-05-22T09:14:34.106234Z", "event": "file_change_detected", "details": {"path": "topology/retrieval/topology_retriever.py"}}
{"ts": "2026-05-22T09:14:34.108699Z", "event": "topology_rebuild_started", "details": {"changed_files": ["topology/retrieval/topology_retriever.py"]}}
{"ts": "2026-05-22T09:14:34.406624Z", "event": "topology_rebuild_completed", "details": {"runtime_reachable_files": 28, "topology_edge_count": 49}}
{"ts": "2026-05-22T09:14:45.352405Z", "event": "file_change_detected", "details": {"path": "topology/retrieval/topology_retriever.py"}}
{"ts": "2026-05-22T09:14:45.352962Z", "event": "topology_rebuild_started", "details": {"changed_files": ["topology/retrieval/topology_retriever.py"]}}
{"ts": "2026-05-22T09:14:45.599196Z", "event": "topology_rebuild_completed", "details": {"runtime_reachable_files": 28, "topology_edge_count": 49}}
{"ts": "2026-05-22T12:53:43.344955Z", "event": "file_change_detected", "details": {"path": "topology/retrieval/topology_retriever.py"}}
{"ts": "2026-05-22T12:53:43.348411Z", "event": "topology_rebuild_started", "details": {"changed_files": ["topology/retrieval/topology_retriever.py"]}}
{"ts": "2026-05-22T12:53:43.612391Z", "event": "topology_rebuild_completed", "details": {"runtime_reachable_files": 28, "topology_edge_count": 49}}
{"ts": "2026-05-22T12:53:43.612453Z", "event": "continuity_refresh_started", "details": {"trigger": "runtime_topology", "reason": "runtime topology rebuild"}}
{"ts": "2026-05-22T12:53:43.701689Z", "event": "bridge_execution_succeeded", "details": {"cmd": ["/Users/raj/Developer/PECS/.venv/bin/python", "/Users/raj/Developer/PECS/.pecs/bridge/run_bridge.py", "refresh", "--workspace", "/Users/raj/Developer/PECS"], "stdout": "{\n  \"active_topology\": \"/Users/raj/Developer/PECS/.pecs/continuity/active_topology.json\",\n  \"architectural_decisions\": \"/Users/raj/Developer/PECS/.pecs/continuity/architectural_decisions.md\",\n  \"continuity_dir\": \"/Users/raj/Developer/PECS/.pecs/continuity\",\n  \"continuity_hydration_report\": \"/Users/raj/Developer/PECS/.pecs/continuity/continuity_hydration_report.json\",\n  \"current_workspace_focus\": \"/Users/raj/Developer/PECS/.pecs/continuity/current_workspace_focus.md\",\n  \"engineering_continuity_state\": \"/Users/raj/Developer/PECS/.pecs/continuity/engineering_continuity_state.json\",\n  \"locality_state\": \"/Users/raj/Developer/PECS/.pecs/continuity/locality_state.json\",\n  \"unresolved_tensions\": \"/Users/raj/Developer/PECS/.pecs/continuity/unresolved_tensions.md\"\n}"}}
{"ts": "2026-05-22T12:53:43.702017Z", "event": "continuity_refresh_completed", "details": {"trigger": "runtime_topology", "status": "success"}}
{"ts": "2026-05-22T12:53:43.703754Z", "event": "file_change_detected", "details": {"path": "runtime/daemon/workspace_continuity_daemon.py"}}
{"ts": "2026-05-22T12:53:43.703976Z", "event": "topology_rebuild_started", "details": {"changed_files": ["runtime/daemon/workspace_continuity_daemon.py"]}}
{"ts": "2026-05-22T12:53:43.938476Z", "event": "topology_rebuild_completed", "details": {"runtime_reachable_files": 28, "topology_edge_count": 49}}
{"ts": "2026-05-22T12:53:43.939093Z", "event": "file_change_detected", "details": {"path": "topology/retrieval/topology_retriever.py"}}
{"ts": "2026-05-22T12:53:43.939269Z", "event": "topology_rebuild_started", "details": {"changed_files": ["topology/retrieval/topology_retriever.py"]}}
{"ts": "2026-05-22T12:53:44.168061Z", "event": "topology_rebuild_completed", "details": {"runtime_reachable_files": 28, "topology_edge_count": 49}}
{"ts": "2026-05-22T12:53:44.168689Z", "event": "file_change_detected", "details": {"path": "runtime/daemon/workspace_continuity_daemon.py"}}
{"ts": "2026-05-22T12:53:44.168868Z", "event": "topology_rebuild_started", "details": {"changed_files": ["runtime/daemon/workspace_continuity_daemon.py"]}}
{"ts": "2026-05-22T12:53:44.378495Z", "event": "topology_rebuild_completed", "details": {"runtime_reachable_files": 28, "topology_edge_count": 49}}
{"ts": "2026-05-22T12:55:44.451802Z", "event": "file_change_detected", "details": {"path": "runtime/daemon/test_runtime_locality.py"}}
{"ts": "2026-05-22T12:55:44.454921Z", "event": "topology_rebuild_started", "details": {"changed_files": ["runtime/daemon/test_runtime_locality.py"]}}
{"ts": "2026-05-22T12:55:44.825683Z", "event": "topology_rebuild_completed", "details": {"runtime_reachable_files": 28, "topology_edge_count": 49}}
{"ts": "2026-05-22T12:55:44.825786Z", "event": "continuity_refresh_started", "details": {"trigger": "runtime_topology", "reason": "runtime topology rebuild"}}
{"ts": "2026-05-22T12:55:44.926225Z", "event": "bridge_execution_succeeded", "details": {"cmd": ["/Users/raj/Developer/PECS/.venv/bin/python", "/Users/raj/Developer/PECS/.pecs/bridge/run_bridge.py", "refresh", "--workspace", "/Users/raj/Developer/PECS"], "stdout": "{\n  \"active_topology\": \"/Users/raj/Developer/PECS/.pecs/continuity/active_topology.json\",\n  \"architectural_decisions\": \"/Users/raj/Developer/PECS/.pecs/continuity/architectural_decisions.md\",\n  \"continuity_dir\": \"/Users/raj/Developer/PECS/.pecs/continuity\",\n  \"continuity_hydration_report\": \"/Users/raj/Developer/PECS/.pecs/continuity/continuity_hydration_report.json\",\n  \"current_workspace_focus\": \"/Users/raj/Developer/PECS/.pecs/continuity/current_workspace_focus.md\",\n  \"engineering_continuity_state\": \"/Users/raj/Developer/PECS/.pecs/continuity/engineering_continuity_state.json\",\n  \"locality_state\": \"/Users/raj/Developer/PECS/.pecs/continuity/locality_state.json\",\n  \"unresolved_tensions\": \"/Users/raj/Developer/PECS/.pecs/continuity/unresolved_tensions.md\"\n}"}}
{"ts": "2026-05-22T12:55:44.926598Z", "event": "continuity_refresh_completed", "details": {"trigger": "runtime_topology", "status": "success"}}
{"ts": "2026-05-22T12:55:44.928087Z", "event": "file_change_detected", "details": {"path": "runtime/daemon/test_runtime_locality.py"}}
{"ts": "2026-05-22T12:55:44.928419Z", "event": "topology_rebuild_started", "details": {"changed_files": ["runtime/daemon/test_runtime_locality.py"]}}
{"ts": "2026-05-22T12:55:45.155309Z", "event": "topology_rebuild_completed", "details": {"runtime_reachable_files": 28, "topology_edge_count": 49}}
{"ts": "2026-05-22T12:55:45.156097Z", "event": "file_change_detected", "details": {"path": "runtime/daemon/test_runtime_locality.py"}}
{"ts": "2026-05-22T12:55:45.156287Z", "event": "topology_rebuild_started", "details": {"changed_files": ["runtime/daemon/test_runtime_locality.py"]}}
{"ts": "2026-05-22T12:55:45.376636Z", "event": "topology_rebuild_completed", "details": {"runtime_reachable_files": 28, "topology_edge_count": 49}}
{"ts": "2026-05-22T13:00:13.937196Z", "event": "daemon_initialized", "details": {"workspace_root": "/Users/raj/Developer/PECS", "artifact_dir": "/Users/raj/Developer/PECS/.pecs"}}
{"ts": "2026-05-22T13:00:13.938080Z", "event": "daemon_initialized", "details": {"workspace_root": "/Users/raj/Developer/PECS", "artifact_dir": "/Users/raj/Developer/PECS/.pecs"}}
{"ts": "2026-05-22T13:00:13.939037Z", "event": "daemon_initialized", "details": {"workspace_root": "/Users/raj/Developer/PECS", "artifact_dir": "/Users/raj/Developer/PECS/.pecs"}}
{"ts": "2026-05-22T13:00:13.939300Z", "event": "daemon_initialized", "details": {"workspace_root": "/Users/raj/Developer/PECS", "artifact_dir": "/Users/raj/Developer/PECS/.pecs"}}
{"ts": "2026-05-22T13:00:13.940055Z", "event": "daemon_initialized", "details": {"workspace_root": "/Users/raj/Developer/PECS", "artifact_dir": "/Users/raj/Developer/PECS/.pecs"}}
{"ts": "2026-05-22T13:00:13.940371Z", "event": "daemon_initialized", "details": {"workspace_root": "/Users/raj/Developer/PECS", "artifact_dir": "/Users/raj/Developer/PECS/.pecs"}}
{"ts": "2026-05-22T13:14:36.775495Z", "event": "file_change_detected", "details": {"path": "runtime/daemon/test_runtime_locality.py"}}
{"ts": "2026-05-22T13:14:36.777150Z", "event": "topology_rebuild_started", "details": {"changed_files": ["runtime/daemon/test_runtime_locality.py"]}}
{"ts": "2026-05-22T13:14:37.051540Z", "event": "topology_rebuild_completed", "details": {"runtime_reachable_files": 28, "topology_edge_count": 49}}
{"ts": "2026-05-22T13:14:37.051611Z", "event": "continuity_refresh_started", "details": {"trigger": "runtime_topology", "reason": "runtime topology rebuild"}}
{"ts": "2026-05-22T13:14:37.156978Z", "event": "bridge_execution_succeeded", "details": {"cmd": ["/Users/raj/Developer/PECS/.venv/bin/python", "/Users/raj/Developer/PECS/.pecs/bridge/run_bridge.py", "refresh", "--workspace", "/Users/raj/Developer/PECS"], "stdout": "{\n  \"active_topology\": \"/Users/raj/Developer/PECS/.pecs/continuity/active_topology.json\",\n  \"architectural_decisions\": \"/Users/raj/Developer/PECS/.pecs/continuity/architectural_decisions.md\",\n  \"continuity_dir\": \"/Users/raj/Developer/PECS/.pecs/continuity\",\n  \"continuity_hydration_report\": \"/Users/raj/Developer/PECS/.pecs/continuity/continuity_hydration_report.json\",\n  \"current_workspace_focus\": \"/Users/raj/Developer/PECS/.pecs/continuity/current_workspace_focus.md\",\n  \"engineering_continuity_state\": \"/Users/raj/Developer/PECS/.pecs/continuity/engineering_continuity_state.json\",\n  \"locality_state\": \"/Users/raj/Developer/PECS/.pecs/continuity/locality_state.json\",\n  \"unresolved_tensions\": \"/Users/raj/Developer/PECS/.pecs/continuity/unresolved_tensions.md\"\n}"}}
{"ts": "2026-05-22T13:14:37.157372Z", "event": "continuity_refresh_completed", "details": {"trigger": "runtime_topology", "status": "success"}}
{"ts": "2026-05-22T13:15:13.651089Z", "event": "file_change_detected", "details": {"path": "runtime/daemon/test_runtime_locality.py"}}
{"ts": "2026-05-22T13:15:13.653036Z", "event": "topology_rebuild_started", "details": {"changed_files": ["runtime/daemon/test_runtime_locality.py"]}}
{"ts": "2026-05-22T13:15:14.014840Z", "event": "topology_rebuild_completed", "details": {"runtime_reachable_files": 28, "topology_edge_count": 49}}
{"ts": "2026-05-22T13:15:23.960383Z", "event": "file_change_detected", "details": {"path": "runtime/daemon/test_runtime_locality.py"}}
{"ts": "2026-05-22T13:15:23.963189Z", "event": "topology_rebuild_started", "details": {"changed_files": ["runtime/daemon/test_runtime_locality.py"]}}
{"ts": "2026-05-22T13:15:24.182185Z", "event": "topology_rebuild_completed", "details": {"runtime_reachable_files": 28, "topology_edge_count": 49}}
{"ts": "2026-05-22T13:15:34.402083Z", "event": "file_change_detected", "details": {"path": "runtime/daemon/test_runtime_locality.py"}}
{"ts": "2026-05-22T13:15:34.403688Z", "event": "topology_rebuild_started", "details": {"changed_files": ["runtime/daemon/test_runtime_locality.py"]}}
{"ts": "2026-05-22T13:15:34.632319Z", "event": "topology_rebuild_completed", "details": {"runtime_reachable_files": 28, "topology_edge_count": 49}}
{"ts": "2026-05-22T13:15:46.927730Z", "event": "daemon_initialized", "details": {"workspace_root": "/Users/raj/Developer/PECS", "artifact_dir": "/Users/raj/Developer/PECS/.pecs"}}
{"ts": "2026-05-22T13:15:46.928478Z", "event": "daemon_initialized", "details": {"workspace_root": "/Users/raj/Developer/PECS", "artifact_dir": "/Users/raj/Developer/PECS/.pecs"}}
{"ts": "2026-05-22T13:15:46.928702Z", "event": "daemon_initialized", "details": {"workspace_root": "/Users/raj/Developer/PECS", "artifact_dir": "/Users/raj/Developer/PECS/.pecs"}}
{"ts": "2026-05-22T13:15:46.928873Z", "event": "daemon_initialized", "details": {"workspace_root": "/Users/raj/Developer/PECS", "artifact_dir": "/Users/raj/Developer/PECS/.pecs"}}
{"ts": "2026-05-22T13:15:46.929474Z", "event": "daemon_initialized", "details": {"workspace_root": "/Users/raj/Developer/PECS", "artifact_dir": "/Users/raj/Developer/PECS/.pecs"}}
{"ts": "2026-05-22T13:15:46.929654Z", "event": "daemon_initialized", "details": {"workspace_root": "/Users/raj/Developer/PECS", "artifact_dir": "/Users/raj/Developer/PECS/.pecs"}}
{"ts": "2026-05-22T13:15:54.288687Z", "event": "file_change_detected", "details": {"path": "runtime/daemon/test_runtime_locality.py"}}
{"ts": "2026-05-22T13:15:54.289435Z", "event": "topology_rebuild_started", "details": {"changed_files": ["runtime/daemon/test_runtime_locality.py"]}}
{"ts": "2026-05-22T13:15:54.524155Z", "event": "topology_rebuild_completed", "details": {"runtime_reachable_files": 28, "topology_edge_count": 49}}
{"ts": "2026-05-22T13:15:54.524209Z", "event": "continuity_refresh_started", "details": {"trigger": "runtime_topology", "reason": "runtime topology rebuild"}}
{"ts": "2026-05-22T13:15:54.583547Z", "event": "bridge_execution_succeeded", "details": {"cmd": ["/Users/raj/Developer/PECS/.venv/bin/python", "/Users/raj/Developer/PECS/.pecs/bridge/run_bridge.py", "refresh", "--workspace", "/Users/raj/Developer/PECS"], "stdout": "{\n  \"active_topology\": \"/Users/raj/Developer/PECS/.pecs/continuity/active_topology.json\",\n  \"architectural_decisions\": \"/Users/raj/Developer/PECS/.pecs/continuity/architectural_decisions.md\",\n  \"continuity_dir\": \"/Users/raj/Developer/PECS/.pecs/continuity\",\n  \"continuity_hydration_report\": \"/Users/raj/Developer/PECS/.pecs/continuity/continuity_hydration_report.json\",\n  \"current_workspace_focus\": \"/Users/raj/Developer/PECS/.pecs/continuity/current_workspace_focus.md\",\n  \"engineering_continuity_state\": \"/Users/raj/Developer/PECS/.pecs/continuity/engineering_continuity_state.json\",\n  \"locality_state\": \"/Users/raj/Developer/PECS/.pecs/continuity/locality_state.json\",\n  \"unresolved_tensions\": \"/Users/raj/Developer/PECS/.pecs/continuity/unresolved_tensions.md\"\n}"}}
{"ts": "2026-05-22T13:15:54.583847Z", "event": "continuity_refresh_completed", "details": {"trigger": "runtime_topology", "status": "success"}}
{"ts": "2026-05-22T13:16:17.639041Z", "event": "daemon_initialized", "details": {"workspace_root": "/Users/raj/Developer/PECS", "artifact_dir": "/Users/raj/Developer/PECS/.pecs"}}
{"ts": "2026-05-22T13:16:17.639761Z", "event": "daemon_initialized", "details": {"workspace_root": "/Users/raj/Developer/PECS", "artifact_dir": "/Users/raj/Developer/PECS/.pecs"}}
{"ts": "2026-05-22T13:16:17.640008Z", "event": "daemon_initialized", "details": {"workspace_root": "/Users/raj/Developer/PECS", "artifact_dir": "/Users/raj/Developer/PECS/.pecs"}}
{"ts": "2026-05-22T13:16:17.640223Z", "event": "daemon_initialized", "details": {"workspace_root": "/Users/raj/Developer/PECS", "artifact_dir": "/Users/raj/Developer/PECS/.pecs"}}
{"ts": "2026-05-22T13:16:17.640528Z", "event": "daemon_initialized", "details": {"workspace_root": "/Users/raj/Developer/PECS", "artifact_dir": "/Users/raj/Developer/PECS/.pecs"}}
{"ts": "2026-05-22T13:16:17.640823Z", "event": "daemon_initialized", "details": {"workspace_root": "/Users/raj/Developer/PECS", "artifact_dir": "/Users/raj/Developer/PECS/.pecs"}}
{"ts": "2026-05-22T13:17:26.782225Z", "event": "file_change_detected", "details": {"path": "runtime/daemon/test_runtime_locality.py"}}
{"ts": "2026-05-22T13:17:26.783868Z", "event": "topology_rebuild_started", "details": {"changed_files": ["runtime/daemon/test_runtime_locality.py"]}}
{"ts": "2026-05-22T13:17:27.020479Z", "event": "topology_rebuild_completed", "details": {"runtime_reachable_files": 28, "topology_edge_count": 49}}
{"ts": "2026-05-22T13:17:27.020533Z", "event": "continuity_refresh_started", "details": {"trigger": "runtime_topology", "reason": "runtime topology rebuild"}}
{"ts": "2026-05-22T13:17:27.112343Z", "event": "bridge_execution_succeeded", "details": {"cmd": ["/Users/raj/Developer/PECS/.venv/bin/python", "/Users/raj/Developer/PECS/.pecs/bridge/run_bridge.py", "refresh", "--workspace", "/Users/raj/Developer/PECS"], "stdout": "{\n  \"active_topology\": \"/Users/raj/Developer/PECS/.pecs/continuity/active_topology.json\",\n  \"architectural_decisions\": \"/Users/raj/Developer/PECS/.pecs/continuity/architectural_decisions.md\",\n  \"continuity_dir\": \"/Users/raj/Developer/PECS/.pecs/continuity\",\n  \"continuity_hydration_report\": \"/Users/raj/Developer/PECS/.pecs/continuity/continuity_hydration_report.json\",\n  \"current_workspace_focus\": \"/Users/raj/Developer/PECS/.pecs/continuity/current_workspace_focus.md\",\n  \"engineering_continuity_state\": \"/Users/raj/Developer/PECS/.pecs/continuity/engineering_continuity_state.json\",\n  \"locality_state\": \"/Users/raj/Developer/PECS/.pecs/continuity/locality_state.json\",\n  \"unresolved_tensions\": \"/Users/raj/Developer/PECS/.pecs/continuity/unresolved_tensions.md\"\n}"}}
{"ts": "2026-05-22T13:17:27.112725Z", "event": "continuity_refresh_completed", "details": {"trigger": "runtime_topology", "status": "success"}}
{"ts": "2026-05-22T13:20:25.186532Z", "event": "file_change_detected", "details": {"path": "topology/retrieval/retrieval_trace_harness.py"}}
{"ts": "2026-05-22T13:20:25.188307Z", "event": "topology_rebuild_started", "details": {"changed_files": ["topology/retrieval/retrieval_trace_harness.py"]}}
{"ts": "2026-05-22T13:20:25.519419Z", "event": "topology_rebuild_completed", "details": {"runtime_reachable_files": 28, "topology_edge_count": 49}}
{"ts": "2026-05-22T13:20:25.519483Z", "event": "continuity_refresh_started", "details": {"trigger": "runtime_topology", "reason": "runtime topology rebuild"}}
{"ts": "2026-05-22T13:20:25.617544Z", "event": "bridge_execution_succeeded", "details": {"cmd": ["/Users/raj/Developer/PECS/.venv/bin/python", "/Users/raj/Developer/PECS/.pecs/bridge/run_bridge.py", "refresh", "--workspace", "/Users/raj/Developer/PECS"], "stdout": "{\n  \"active_topology\": \"/Users/raj/Developer/PECS/.pecs/continuity/active_topology.json\",\n  \"architectural_decisions\": \"/Users/raj/Developer/PECS/.pecs/continuity/architectural_decisions.md\",\n  \"continuity_dir\": \"/Users/raj/Developer/PECS/.pecs/continuity\",\n  \"continuity_hydration_report\": \"/Users/raj/Developer/PECS/.pecs/continuity/continuity_hydration_report.json\",\n  \"current_workspace_focus\": \"/Users/raj/Developer/PECS/.pecs/continuity/current_workspace_focus.md\",\n  \"engineering_continuity_state\": \"/Users/raj/Developer/PECS/.pecs/continuity/engineering_continuity_state.json\",\n  \"locality_state\": \"/Users/raj/Developer/PECS/.pecs/continuity/locality_state.json\",\n  \"unresolved_tensions\": \"/Users/raj/Developer/PECS/.pecs/continuity/unresolved_tensions.md\"\n}"}}
{"ts": "2026-05-22T13:20:25.617830Z", "event": "continuity_refresh_completed", "details": {"trigger": "runtime_topology", "status": "success"}}
{"ts": "2026-05-22T13:20:25.619674Z", "event": "file_change_detected", "details": {"path": "topology/retrieval/retrieval_trace_harness.py"}}
{"ts": "2026-05-22T13:20:25.619951Z", "event": "topology_rebuild_started", "details": {"changed_files": ["topology/retrieval/retrieval_trace_harness.py"]}}
{"ts": "2026-05-22T13:20:25.852555Z", "event": "topology_rebuild_completed", "details": {"runtime_reachable_files": 28, "topology_edge_count": 49}}
{"ts": "2026-05-22T13:20:25.853258Z", "event": "file_change_detected", "details": {"path": "topology/retrieval/retrieval_trace_harness.py"}}
{"ts": "2026-05-22T13:20:25.853661Z", "event": "topology_rebuild_started", "details": {"changed_files": ["topology/retrieval/retrieval_trace_harness.py"]}}
{"ts": "2026-05-22T13:20:26.075326Z", "event": "topology_rebuild_completed", "details": {"runtime_reachable_files": 28, "topology_edge_count": 49}}
{"ts": "2026-05-22T13:22:34.367889Z", "event": "file_change_detected", "details": {"path": "topology/retrieval/retrieval_trace_harness.py"}}
{"ts": "2026-05-22T13:22:34.369496Z", "event": "topology_rebuild_started", "details": {"changed_files": ["topology/retrieval/retrieval_trace_harness.py"]}}
{"ts": "2026-05-22T13:22:34.610483Z", "event": "topology_rebuild_completed", "details": {"runtime_reachable_files": 28, "topology_edge_count": 49}}
{"ts": "2026-05-22T13:22:34.610543Z", "event": "continuity_refresh_started", "details": {"trigger": "runtime_topology", "reason": "runtime topology rebuild"}}
{"ts": "2026-05-22T13:22:34.689138Z", "event": "bridge_execution_succeeded", "details": {"cmd": ["/Users/raj/Developer/PECS/.venv/bin/python", "/Users/raj/Developer/PECS/.pecs/bridge/run_bridge.py", "refresh", "--workspace", "/Users/raj/Developer/PECS"], "stdout": "{\n  \"active_topology\": \"/Users/raj/Developer/PECS/.pecs/continuity/active_topology.json\",\n  \"architectural_decisions\": \"/Users/raj/Developer/PECS/.pecs/continuity/architectural_decisions.md\",\n  \"continuity_dir\": \"/Users/raj/Developer/PECS/.pecs/continuity\",\n  \"continuity_hydration_report\": \"/Users/raj/Developer/PECS/.pecs/continuity/continuity_hydration_report.json\",\n  \"current_workspace_focus\": \"/Users/raj/Developer/PECS/.pecs/continuity/current_workspace_focus.md\",\n  \"engineering_continuity_state\": \"/Users/raj/Developer/PECS/.pecs/continuity/engineering_continuity_state.json\",\n  \"locality_state\": \"/Users/raj/Developer/PECS/.pecs/continuity/locality_state.json\",\n  \"unresolved_tensions\": \"/Users/raj/Developer/PECS/.pecs/continuity/unresolved_tensions.md\"\n}"}}
{"ts": "2026-05-22T13:22:34.689601Z", "event": "continuity_refresh_completed", "details": {"trigger": "runtime_topology", "status": "success"}}
{"ts": "2026-05-22T14:04:35.718926Z", "event": "file_change_detected", "details": {"path": "topology/retrieval/retrieval_trace_harness.py"}}
{"ts": "2026-05-22T14:04:35.720329Z", "event": "topology_rebuild_started", "details": {"changed_files": ["topology/retrieval/retrieval_trace_harness.py"]}}
{"ts": "2026-05-22T14:04:35.970766Z", "event": "topology_rebuild_completed", "details": {"runtime_reachable_files": 28, "topology_edge_count": 49}}
{"ts": "2026-05-22T14:04:35.970839Z", "event": "continuity_refresh_started", "details": {"trigger": "runtime_topology", "reason": "runtime topology rebuild"}}
{"ts": "2026-05-22T14:04:36.077548Z", "event": "bridge_execution_succeeded", "details": {"cmd": ["/Users/raj/Developer/PECS/.venv/bin/python", "/Users/raj/Developer/PECS/.pecs/bridge/run_bridge.py", "refresh", "--workspace", "/Users/raj/Developer/PECS"], "stdout": "{\n  \"active_topology\": \"/Users/raj/Developer/PECS/.pecs/continuity/active_topology.json\",\n  \"architectural_decisions\": \"/Users/raj/Developer/PECS/.pecs/continuity/architectural_decisions.md\",\n  \"continuity_dir\": \"/Users/raj/Developer/PECS/.pecs/continuity\",\n  \"continuity_hydration_report\": \"/Users/raj/Developer/PECS/.pecs/continuity/continuity_hydration_report.json\",\n  \"current_workspace_focus\": \"/Users/raj/Developer/PECS/.pecs/continuity/current_workspace_focus.md\",\n  \"engineering_continuity_state\": \"/Users/raj/Developer/PECS/.pecs/continuity/engineering_continuity_state.json\",\n  \"locality_state\": \"/Users/raj/Developer/PECS/.pecs/continuity/locality_state.json\",\n  \"unresolved_tensions\": \"/Users/raj/Developer/PECS/.pecs/continuity/unresolved_tensions.md\"\n}"}}
{"ts": "2026-05-22T14:04:36.077922Z", "event": "continuity_refresh_completed", "details": {"trigger": "runtime_topology", "status": "success"}}
{"ts": "2026-05-22T14:04:44.304807Z", "event": "file_change_detected", "details": {"path": "topology/retrieval/retrieval_trace_harness.py"}}
{"ts": "2026-05-22T14:04:44.358354Z", "event": "topology_rebuild_started", "details": {"changed_files": ["topology/retrieval/retrieval_trace_harness.py"]}}
{"ts": "2026-05-22T14:04:44.610147Z", "event": "topology_rebuild_completed", "details": {"runtime_reachable_files": 28, "topology_edge_count": 49}}
{"ts": "2026-05-22T14:04:44.611046Z", "event": "file_change_detected", "details": {"path": "topology/retrieval/retrieval_trace_harness.py"}}
{"ts": "2026-05-22T14:04:44.611252Z", "event": "topology_rebuild_started", "details": {"changed_files": ["topology/retrieval/retrieval_trace_harness.py"]}}
{"ts": "2026-05-22T14:04:44.830372Z", "event": "topology_rebuild_completed", "details": {"runtime_reachable_files": 28, "topology_edge_count": 49}}
{"ts": "2026-05-22T14:49:29.833042Z", "event": "file_change_detected", "details": {"path": "topology/retrieval/retrieval_trace_harness.py"}}
{"ts": "2026-05-22T14:49:29.836273Z", "event": "topology_rebuild_started", "details": {"changed_files": ["topology/retrieval/retrieval_trace_harness.py"]}}
{"ts": "2026-05-22T14:49:30.095224Z", "event": "topology_rebuild_completed", "details": {"runtime_reachable_files": 28, "topology_edge_count": 49}}
{"ts": "2026-05-22T14:49:30.095289Z", "event": "continuity_refresh_started", "details": {"trigger": "runtime_topology", "reason": "runtime topology rebuild"}}
{"ts": "2026-05-22T14:49:30.196883Z", "event": "bridge_execution_succeeded", "details": {"cmd": ["/Users/raj/Developer/PECS/.venv/bin/python", "/Users/raj/Developer/PECS/.pecs/bridge/run_bridge.py", "refresh", "--workspace", "/Users/raj/Developer/PECS"], "stdout": "{\n  \"active_topology\": \"/Users/raj/Developer/PECS/.pecs/continuity/active_topology.json\",\n  \"architectural_decisions\": \"/Users/raj/Developer/PECS/.pecs/continuity/architectural_decisions.md\",\n  \"continuity_dir\": \"/Users/raj/Developer/PECS/.pecs/continuity\",\n  \"continuity_hydration_report\": \"/Users/raj/Developer/PECS/.pecs/continuity/continuity_hydration_report.json\",\n  \"current_workspace_focus\": \"/Users/raj/Developer/PECS/.pecs/continuity/current_workspace_focus.md\",\n  \"engineering_continuity_state\": \"/Users/raj/Developer/PECS/.pecs/continuity/engineering_continuity_state.json\",\n  \"locality_state\": \"/Users/raj/Developer/PECS/.pecs/continuity/locality_state.json\",\n  \"unresolved_tensions\": \"/Users/raj/Developer/PECS/.pecs/continuity/unresolved_tensions.md\"\n}"}}
{"ts": "2026-05-22T14:49:30.197307Z", "event": "continuity_refresh_completed", "details": {"trigger": "runtime_topology", "status": "success"}}
{"ts": "2026-05-22T14:49:35.411933Z", "event": "file_change_detected", "details": {"path": "topology/retrieval/retrieval_trace_harness.py"}}
{"ts": "2026-05-22T14:49:35.413003Z", "event": "topology_rebuild_started", "details": {"changed_files": ["topology/retrieval/retrieval_trace_harness.py"]}}
{"ts": "2026-05-22T14:49:35.646465Z", "event": "topology_rebuild_completed", "details": {"runtime_reachable_files": 28, "topology_edge_count": 49}}
{"ts": "2026-05-22T14:49:46.189476Z", "event": "file_change_detected", "details": {"path": "topology/retrieval/retrieval_trace_harness.py"}}
{"ts": "2026-05-22T14:49:46.190872Z", "event": "topology_rebuild_started", "details": {"changed_files": ["topology/retrieval/retrieval_trace_harness.py"]}}
{"ts": "2026-05-22T14:49:46.546570Z", "event": "topology_rebuild_completed", "details": {"runtime_reachable_files": 28, "topology_edge_count": 49}}
{"ts": "2026-05-22T14:50:06.866302Z", "event": "file_change_detected", "details": {"path": "topology/retrieval/retrieval_trace_harness.py"}}
{"ts": "2026-05-22T14:50:06.867312Z", "event": "topology_rebuild_started", "details": {"changed_files": ["topology/retrieval/retrieval_trace_harness.py"]}}
{"ts": "2026-05-22T14:50:07.121150Z", "event": "topology_rebuild_completed", "details": {"runtime_reachable_files": 28, "topology_edge_count": 49}}
{"ts": "2026-05-22T14:50:07.122260Z", "event": "file_change_detected", "details": {"path": "topology/retrieval/retrieval_trace_harness.py"}}
{"ts": "2026-05-22T14:50:07.122646Z", "event": "topology_rebuild_started", "details": {"changed_files": ["topology/retrieval/retrieval_trace_harness.py"]}}
{"ts": "2026-05-22T14:50:07.416206Z", "event": "topology_rebuild_completed", "details": {"runtime_reachable_files": 28, "topology_edge_count": 49}}
{"ts": "2026-05-22T14:50:48.922734Z", "event": "file_change_detected", "details": {"path": "topology/retrieval/retrieval_trace_harness.py"}}
{"ts": "2026-05-22T14:50:48.923582Z", "event": "topology_rebuild_started", "details": {"changed_files": ["topology/retrieval/retrieval_trace_harness.py"]}}
{"ts": "2026-05-22T14:50:49.160795Z", "event": "topology_rebuild_completed", "details": {"runtime_reachable_files": 28, "topology_edge_count": 49}}
{"ts": "2026-05-22T14:50:49.160880Z", "event": "continuity_refresh_started", "details": {"trigger": "runtime_topology", "reason": "runtime topology rebuild"}}
{"ts": "2026-05-22T14:50:49.236588Z", "event": "bridge_execution_succeeded", "details": {"cmd": ["/Users/raj/Developer/PECS/.venv/bin/python", "/Users/raj/Developer/PECS/.pecs/bridge/run_bridge.py", "refresh", "--workspace", "/Users/raj/Developer/PECS"], "stdout": "{\n  \"active_topology\": \"/Users/raj/Developer/PECS/.pecs/continuity/active_topology.json\",\n  \"architectural_decisions\": \"/Users/raj/Developer/PECS/.pecs/continuity/architectural_decisions.md\",\n  \"continuity_dir\": \"/Users/raj/Developer/PECS/.pecs/continuity\",\n  \"continuity_hydration_report\": \"/Users/raj/Developer/PECS/.pecs/continuity/continuity_hydration_report.json\",\n  \"current_workspace_focus\": \"/Users/raj/Developer/PECS/.pecs/continuity/current_workspace_focus.md\",\n  \"engineering_continuity_state\": \"/Users/raj/Developer/PECS/.pecs/continuity/engineering_continuity_state.json\",\n  \"locality_state\": \"/Users/raj/Developer/PECS/.pecs/continuity/locality_state.json\",\n  \"unresolved_tensions\": \"/Users/raj/Developer/PECS/.pecs/continuity/unresolved_tensions.md\"\n}"}}
{"ts": "2026-05-22T14:50:49.237013Z", "event": "continuity_refresh_completed", "details": {"trigger": "runtime_topology", "status": "success"}}
{"ts": "2026-05-22T14:51:00.337753Z", "event": "file_change_detected", "details": {"path": "topology/retrieval/retrieval_trace_harness.py"}}
{"ts": "2026-05-22T14:51:00.338364Z", "event": "topology_rebuild_started", "details": {"changed_files": ["topology/retrieval/retrieval_trace_harness.py"]}}
{"ts": "2026-05-22T14:51:00.573298Z", "event": "topology_rebuild_completed", "details": {"runtime_reachable_files": 28, "topology_edge_count": 49}}
{"ts": "2026-05-22T14:51:12.190720Z", "event": "file_change_detected", "details": {"path": "topology/retrieval/retrieval_trace_harness.py"}}
{"ts": "2026-05-22T14:51:12.192199Z", "event": "topology_rebuild_started", "details": {"changed_files": ["topology/retrieval/retrieval_trace_harness.py"]}}
{"ts": "2026-05-22T14:51:12.429284Z", "event": "topology_rebuild_completed", "details": {"runtime_reachable_files": 28, "topology_edge_count": 49}}
{"ts": "2026-05-22T14:51:22.471670Z", "event": "file_change_detected", "details": {"path": "topology/retrieval/retrieval_trace_harness.py"}}
{"ts": "2026-05-22T14:51:22.472593Z", "event": "topology_rebuild_started", "details": {"changed_files": ["topology/retrieval/retrieval_trace_harness.py"]}}
{"ts": "2026-05-22T14:51:22.860217Z", "event": "topology_rebuild_completed", "details": {"runtime_reachable_files": 28, "topology_edge_count": 49}}
{"ts": "2026-05-22T14:54:04.117287Z", "event": "file_change_detected", "details": {"path": "topology/retrieval/retrieval_trace_harness.py"}}
{"ts": "2026-05-22T14:54:04.118998Z", "event": "topology_rebuild_started", "details": {"changed_files": ["topology/retrieval/retrieval_trace_harness.py"]}}
{"ts": "2026-05-22T14:54:04.354342Z", "event": "topology_rebuild_completed", "details": {"runtime_reachable_files": 28, "topology_edge_count": 49}}
{"ts": "2026-05-22T14:54:04.354401Z", "event": "continuity_refresh_started", "details": {"trigger": "runtime_topology", "reason": "runtime topology rebuild"}}
{"ts": "2026-05-22T14:54:04.426657Z", "event": "bridge_execution_succeeded", "details": {"cmd": ["/Users/raj/Developer/PECS/.venv/bin/python", "/Users/raj/Developer/PECS/.pecs/bridge/run_bridge.py", "refresh", "--workspace", "/Users/raj/Developer/PECS"], "stdout": "{\n  \"active_topology\": \"/Users/raj/Developer/PECS/.pecs/continuity/active_topology.json\",\n  \"architectural_decisions\": \"/Users/raj/Developer/PECS/.pecs/continuity/architectural_decisions.md\",\n  \"continuity_dir\": \"/Users/raj/Developer/PECS/.pecs/continuity\",\n  \"continuity_hydration_report\": \"/Users/raj/Developer/PECS/.pecs/continuity/continuity_hydration_report.json\",\n  \"current_workspace_focus\": \"/Users/raj/Developer/PECS/.pecs/continuity/current_workspace_focus.md\",\n  \"engineering_continuity_state\": \"/Users/raj/Developer/PECS/.pecs/continuity/engineering_continuity_state.json\",\n  \"locality_state\": \"/Users/raj/Developer/PECS/.pecs/continuity/locality_state.json\",\n  \"unresolved_tensions\": \"/Users/raj/Developer/PECS/.pecs/continuity/unresolved_tensions.md\"\n}"}}
{"ts": "2026-05-22T14:54:04.427007Z", "event": "continuity_refresh_completed", "details": {"trigger": "runtime_topology", "status": "success"}}
{"ts": "2026-05-22T15:27:28.492795Z", "event": "file_change_detected", "details": {"path": "topology/retrieval/retrieval_trace_harness.py"}}
{"ts": "2026-05-22T15:27:28.495460Z", "event": "topology_rebuild_started", "details": {"changed_files": ["topology/retrieval/retrieval_trace_harness.py"]}}
{"ts": "2026-05-22T15:27:28.795682Z", "event": "topology_rebuild_completed", "details": {"runtime_reachable_files": 28, "topology_edge_count": 49}}
{"ts": "2026-05-22T15:27:28.795746Z", "event": "continuity_refresh_started", "details": {"trigger": "runtime_topology", "reason": "runtime topology rebuild"}}
{"ts": "2026-05-22T15:27:28.916162Z", "event": "bridge_execution_succeeded", "details": {"cmd": ["/Users/raj/Developer/PECS/.venv/bin/python", "/Users/raj/Developer/PECS/.pecs/bridge/run_bridge.py", "refresh", "--workspace", "/Users/raj/Developer/PECS"], "stdout": "{\n  \"active_topology\": \"/Users/raj/Developer/PECS/.pecs/continuity/active_topology.json\",\n  \"architectural_decisions\": \"/Users/raj/Developer/PECS/.pecs/continuity/architectural_decisions.md\",\n  \"continuity_dir\": \"/Users/raj/Developer/PECS/.pecs/continuity\",\n  \"continuity_hydration_report\": \"/Users/raj/Developer/PECS/.pecs/continuity/continuity_hydration_report.json\",\n  \"current_workspace_focus\": \"/Users/raj/Developer/PECS/.pecs/continuity/current_workspace_focus.md\",\n  \"engineering_continuity_state\": \"/Users/raj/Developer/PECS/.pecs/continuity/engineering_continuity_state.json\",\n  \"locality_state\": \"/Users/raj/Developer/PECS/.pecs/continuity/locality_state.json\",\n  \"unresolved_tensions\": \"/Users/raj/Developer/PECS/.pecs/continuity/unresolved_tensions.md\"\n}"}}
{"ts": "2026-05-22T15:27:28.916527Z", "event": "continuity_refresh_completed", "details": {"trigger": "runtime_topology", "status": "success"}}
{"ts": "2026-05-22T15:49:50.448576Z", "event": "file_change_detected", "details": {"path": "topology/retrieval/retrieval_trace_harness.py"}}
{"ts": "2026-05-22T15:49:50.450319Z", "event": "topology_rebuild_started", "details": {"changed_files": ["topology/retrieval/retrieval_trace_harness.py"]}}
{"ts": "2026-05-22T15:49:50.685617Z", "event": "topology_rebuild_completed", "details": {"runtime_reachable_files": 28, "topology_edge_count": 49}}
{"ts": "2026-05-22T15:49:50.685780Z", "event": "continuity_refresh_started", "details": {"trigger": "runtime_topology", "reason": "runtime topology rebuild"}}
{"ts": "2026-05-22T15:49:50.771254Z", "event": "bridge_execution_succeeded", "details": {"cmd": ["/Users/raj/Developer/PECS/.venv/bin/python", "/Users/raj/Developer/PECS/.pecs/bridge/run_bridge.py", "refresh", "--workspace", "/Users/raj/Developer/PECS"], "stdout": "{\n  \"active_topology\": \"/Users/raj/Developer/PECS/.pecs/continuity/active_topology.json\",\n  \"architectural_decisions\": \"/Users/raj/Developer/PECS/.pecs/continuity/architectural_decisions.md\",\n  \"continuity_dir\": \"/Users/raj/Developer/PECS/.pecs/continuity\",\n  \"continuity_hydration_report\": \"/Users/raj/Developer/PECS/.pecs/continuity/continuity_hydration_report.json\",\n  \"current_workspace_focus\": \"/Users/raj/Developer/PECS/.pecs/continuity/current_workspace_focus.md\",\n  \"engineering_continuity_state\": \"/Users/raj/Developer/PECS/.pecs/continuity/engineering_continuity_state.json\",\n  \"locality_state\": \"/Users/raj/Developer/PECS/.pecs/continuity/locality_state.json\",\n  \"unresolved_tensions\": \"/Users/raj/Developer/PECS/.pecs/continuity/unresolved_tensions.md\"\n}"}}
{"ts": "2026-05-22T15:49:50.771592Z", "event": "continuity_refresh_completed", "details": {"trigger": "runtime_topology", "status": "success"}}
{"ts": "2026-05-22T15:51:31.194734Z", "event": "file_change_detected", "details": {"path": "topology/retrieval/retrieval_trace_harness.py"}}
{"ts": "2026-05-22T15:51:31.196393Z", "event": "topology_rebuild_started", "details": {"changed_files": ["topology/retrieval/retrieval_trace_harness.py"]}}
{"ts": "2026-05-22T15:51:31.644328Z", "event": "topology_rebuild_completed", "details": {"runtime_reachable_files": 28, "topology_edge_count": 49}}
{"ts": "2026-05-22T15:51:31.644533Z", "event": "continuity_refresh_started", "details": {"trigger": "runtime_topology", "reason": "runtime topology rebuild"}}
{"ts": "2026-05-22T15:51:31.755463Z", "event": "bridge_execution_succeeded", "details": {"cmd": ["/Users/raj/Developer/PECS/.venv/bin/python", "/Users/raj/Developer/PECS/.pecs/bridge/run_bridge.py", "refresh", "--workspace", "/Users/raj/Developer/PECS"], "stdout": "{\n  \"active_topology\": \"/Users/raj/Developer/PECS/.pecs/continuity/active_topology.json\",\n  \"architectural_decisions\": \"/Users/raj/Developer/PECS/.pecs/continuity/architectural_decisions.md\",\n  \"continuity_dir\": \"/Users/raj/Developer/PECS/.pecs/continuity\",\n  \"continuity_hydration_report\": \"/Users/raj/Developer/PECS/.pecs/continuity/continuity_hydration_report.json\",\n  \"current_workspace_focus\": \"/Users/raj/Developer/PECS/.pecs/continuity/current_workspace_focus.md\",\n  \"engineering_continuity_state\": \"/Users/raj/Developer/PECS/.pecs/continuity/engineering_continuity_state.json\",\n  \"locality_state\": \"/Users/raj/Developer/PECS/.pecs/continuity/locality_state.json\",\n  \"unresolved_tensions\": \"/Users/raj/Developer/PECS/.pecs/continuity/unresolved_tensions.md\"\n}"}}
{"ts": "2026-05-22T15:51:31.755855Z", "event": "continuity_refresh_completed", "details": {"trigger": "runtime_topology", "status": "success"}}
{"ts": "2026-05-22T15:51:31.757193Z", "event": "file_change_detected", "details": {"path": "topology/retrieval/retrieval_trace_harness.py"}}
{"ts": "2026-05-22T15:51:31.757415Z", "event": "topology_rebuild_started", "details": {"changed_files": ["topology/retrieval/retrieval_trace_harness.py"]}}
{"ts": "2026-05-22T15:51:31.992329Z", "event": "topology_rebuild_completed", "details": {"runtime_reachable_files": 28, "topology_edge_count": 49}}
{"ts": "2026-05-22T16:05:04.275217Z", "event": "file_change_detected", "details": {"path": "topology/retrieval/retrieval_trace_harness.py"}}
{"ts": "2026-05-22T16:05:04.278996Z", "event": "topology_rebuild_started", "details": {"changed_files": ["topology/retrieval/retrieval_trace_harness.py"]}}
{"ts": "2026-05-22T16:05:04.613419Z", "event": "topology_rebuild_completed", "details": {"runtime_reachable_files": 28, "topology_edge_count": 49}}
{"ts": "2026-05-22T16:05:04.613795Z", "event": "continuity_refresh_started", "details": {"trigger": "runtime_topology", "reason": "runtime topology rebuild"}}
{"ts": "2026-05-22T16:05:04.703219Z", "event": "bridge_execution_succeeded", "details": {"cmd": ["/Users/raj/Developer/PECS/.venv/bin/python", "/Users/raj/Developer/PECS/.pecs/bridge/run_bridge.py", "refresh", "--workspace", "/Users/raj/Developer/PECS"], "stdout": "{\n  \"active_topology\": \"/Users/raj/Developer/PECS/.pecs/continuity/active_topology.json\",\n  \"architectural_decisions\": \"/Users/raj/Developer/PECS/.pecs/continuity/architectural_decisions.md\",\n  \"continuity_dir\": \"/Users/raj/Developer/PECS/.pecs/continuity\",\n  \"continuity_hydration_report\": \"/Users/raj/Developer/PECS/.pecs/continuity/continuity_hydration_report.json\",\n  \"current_workspace_focus\": \"/Users/raj/Developer/PECS/.pecs/continuity/current_workspace_focus.md\",\n  \"engineering_continuity_state\": \"/Users/raj/Developer/PECS/.pecs/continuity/engineering_continuity_state.json\",\n  \"locality_state\": \"/Users/raj/Developer/PECS/.pecs/continuity/locality_state.json\",\n  \"unresolved_tensions\": \"/Users/raj/Developer/PECS/.pecs/continuity/unresolved_tensions.md\"\n}"}}
{"ts": "2026-05-22T16:05:04.703628Z", "event": "continuity_refresh_completed", "details": {"trigger": "runtime_topology", "status": "success"}}
{"ts": "2026-05-22T16:42:04.500779Z", "event": "file_change_detected", "details": {"path": "topology/retrieval/retrieval_trace_harness.py"}}
{"ts": "2026-05-22T16:42:04.503184Z", "event": "topology_rebuild_started", "details": {"changed_files": ["topology/retrieval/retrieval_trace_harness.py"]}}
{"ts": "2026-05-22T16:42:04.749397Z", "event": "topology_rebuild_completed", "details": {"runtime_reachable_files": 28, "topology_edge_count": 49}}
{"ts": "2026-05-22T16:42:04.749472Z", "event": "continuity_refresh_started", "details": {"trigger": "runtime_topology", "reason": "runtime topology rebuild"}}
{"ts": "2026-05-22T16:42:04.866876Z", "event": "bridge_execution_succeeded", "details": {"cmd": ["/Users/raj/Developer/PECS/.venv/bin/python", "/Users/raj/Developer/PECS/.pecs/bridge/run_bridge.py", "refresh", "--workspace", "/Users/raj/Developer/PECS"], "stdout": "{\n  \"active_topology\": \"/Users/raj/Developer/PECS/.pecs/continuity/active_topology.json\",\n  \"architectural_decisions\": \"/Users/raj/Developer/PECS/.pecs/continuity/architectural_decisions.md\",\n  \"continuity_dir\": \"/Users/raj/Developer/PECS/.pecs/continuity\",\n  \"continuity_hydration_report\": \"/Users/raj/Developer/PECS/.pecs/continuity/continuity_hydration_report.json\",\n  \"current_workspace_focus\": \"/Users/raj/Developer/PECS/.pecs/continuity/current_workspace_focus.md\",\n  \"engineering_continuity_state\": \"/Users/raj/Developer/PECS/.pecs/continuity/engineering_continuity_state.json\",\n  \"locality_state\": \"/Users/raj/Developer/PECS/.pecs/continuity/locality_state.json\",\n  \"unresolved_tensions\": \"/Users/raj/Developer/PECS/.pecs/continuity/unresolved_tensions.md\"\n}"}}
{"ts": "2026-05-22T16:42:04.867404Z", "event": "continuity_refresh_completed", "details": {"trigger": "runtime_topology", "status": "success"}}
{"ts": "2026-05-22T16:42:45.322474Z", "event": "file_change_detected", "details": {"path": "topology/retrieval/retrieval_trace_harness.py"}}
{"ts": "2026-05-22T16:42:45.324652Z", "event": "topology_rebuild_started", "details": {"changed_files": ["topology/retrieval/retrieval_trace_harness.py"]}}
{"ts": "2026-05-22T16:42:45.560448Z", "event": "topology_rebuild_completed", "details": {"runtime_reachable_files": 28, "topology_edge_count": 49}}
{"ts": "2026-05-22T16:43:17.220588Z", "event": "file_change_detected", "details": {"path": "topology/retrieval/retrieval_trace_harness.py"}}
{"ts": "2026-05-22T16:43:17.221441Z", "event": "topology_rebuild_started", "details": {"changed_files": ["topology/retrieval/retrieval_trace_harness.py"]}}
{"ts": "2026-05-22T16:43:17.456398Z", "event": "topology_rebuild_completed", "details": {"runtime_reachable_files": 28, "topology_edge_count": 49}}
{"ts": "2026-05-22T16:43:17.456473Z", "event": "continuity_refresh_started", "details": {"trigger": "runtime_topology", "reason": "runtime topology rebuild"}}
{"ts": "2026-05-22T16:43:17.551950Z", "event": "bridge_execution_succeeded", "details": {"cmd": ["/Users/raj/Developer/PECS/.venv/bin/python", "/Users/raj/Developer/PECS/.pecs/bridge/run_bridge.py", "refresh", "--workspace", "/Users/raj/Developer/PECS"], "stdout": "{\n  \"active_topology\": \"/Users/raj/Developer/PECS/.pecs/continuity/active_topology.json\",\n  \"architectural_decisions\": \"/Users/raj/Developer/PECS/.pecs/continuity/architectural_decisions.md\",\n  \"continuity_dir\": \"/Users/raj/Developer/PECS/.pecs/continuity\",\n  \"continuity_hydration_report\": \"/Users/raj/Developer/PECS/.pecs/continuity/continuity_hydration_report.json\",\n  \"current_workspace_focus\": \"/Users/raj/Developer/PECS/.pecs/continuity/current_workspace_focus.md\",\n  \"engineering_continuity_state\": \"/Users/raj/Developer/PECS/.pecs/continuity/engineering_continuity_state.json\",\n  \"locality_state\": \"/Users/raj/Developer/PECS/.pecs/continuity/locality_state.json\",\n  \"unresolved_tensions\": \"/Users/raj/Developer/PECS/.pecs/continuity/unresolved_tensions.md\"\n}"}}
{"ts": "2026-05-22T16:43:17.552378Z", "event": "continuity_refresh_completed", "details": {"trigger": "runtime_topology", "status": "success"}}
{"ts": "2026-05-22T16:43:26.218959Z", "event": "file_change_detected", "details": {"path": "topology/retrieval/retrieval_trace_harness.py"}}
{"ts": "2026-05-22T16:43:26.222443Z", "event": "topology_rebuild_started", "details": {"changed_files": ["topology/retrieval/retrieval_trace_harness.py"]}}
{"ts": "2026-05-22T16:43:26.440861Z", "event": "topology_rebuild_completed", "details": {"runtime_reachable_files": 28, "topology_edge_count": 49}}
{"ts": "2026-05-22T16:43:26.441889Z", "event": "file_change_detected", "details": {"path": "topology/retrieval/retrieval_trace_harness.py"}}
{"ts": "2026-05-22T16:43:26.442187Z", "event": "topology_rebuild_started", "details": {"changed_files": ["topology/retrieval/retrieval_trace_harness.py"]}}
{"ts": "2026-05-22T16:43:26.655632Z", "event": "topology_rebuild_completed", "details": {"runtime_reachable_files": 28, "topology_edge_count": 49}}
{"ts": "2026-05-22T16:46:35.071484Z", "event": "file_change_detected", "details": {"path": "topology/retrieval/retrieval_trace_harness.py"}}
{"ts": "2026-05-22T16:46:35.075017Z", "event": "topology_rebuild_started", "details": {"changed_files": ["topology/retrieval/retrieval_trace_harness.py"]}}
{"ts": "2026-05-22T16:46:35.307635Z", "event": "topology_rebuild_completed", "details": {"runtime_reachable_files": 28, "topology_edge_count": 49}}
{"ts": "2026-05-22T16:46:35.307692Z", "event": "continuity_refresh_started", "details": {"trigger": "runtime_topology", "reason": "runtime topology rebuild"}}
{"ts": "2026-05-22T16:46:35.397961Z", "event": "bridge_execution_succeeded", "details": {"cmd": ["/Users/raj/Developer/PECS/.venv/bin/python", "/Users/raj/Developer/PECS/.pecs/bridge/run_bridge.py", "refresh", "--workspace", "/Users/raj/Developer/PECS"], "stdout": "{\n  \"active_topology\": \"/Users/raj/Developer/PECS/.pecs/continuity/active_topology.json\",\n  \"architectural_decisions\": \"/Users/raj/Developer/PECS/.pecs/continuity/architectural_decisions.md\",\n  \"continuity_dir\": \"/Users/raj/Developer/PECS/.pecs/continuity\",\n  \"continuity_hydration_report\": \"/Users/raj/Developer/PECS/.pecs/continuity/continuity_hydration_report.json\",\n  \"current_workspace_focus\": \"/Users/raj/Developer/PECS/.pecs/continuity/current_workspace_focus.md\",\n  \"engineering_continuity_state\": \"/Users/raj/Developer/PECS/.pecs/continuity/engineering_continuity_state.json\",\n  \"locality_state\": \"/Users/raj/Developer/PECS/.pecs/continuity/locality_state.json\",\n  \"unresolved_tensions\": \"/Users/raj/Developer/PECS/.pecs/continuity/unresolved_tensions.md\"\n}"}}
{"ts": "2026-05-22T16:46:35.398236Z", "event": "continuity_refresh_completed", "details": {"trigger": "runtime_topology", "status": "success"}}
{"ts": "2026-05-22T18:18:25.867589Z", "event": "file_change_detected", "details": {"path": "install_workspace_integration.py"}}
{"ts": "2026-05-22T18:18:25.871990Z", "event": "topology_rebuild_started", "details": {"changed_files": ["install_workspace_integration.py"]}}
{"ts": "2026-05-22T18:18:26.151124Z", "event": "topology_rebuild_completed", "details": {"runtime_reachable_files": 28, "topology_edge_count": 49}}
{"ts": "2026-05-22T18:18:26.151183Z", "event": "continuity_refresh_started", "details": {"trigger": "runtime_topology", "reason": "runtime topology rebuild"}}
{"ts": "2026-05-22T18:18:26.274122Z", "event": "bridge_execution_succeeded", "details": {"cmd": ["/Users/raj/Developer/PECS/.venv/bin/python", "/Users/raj/Developer/PECS/.pecs/bridge/run_bridge.py", "refresh", "--workspace", "/Users/raj/Developer/PECS"], "stdout": "{\n  \"active_topology\": \"/Users/raj/Developer/PECS/.pecs/continuity/active_topology.json\",\n  \"architectural_decisions\": \"/Users/raj/Developer/PECS/.pecs/continuity/architectural_decisions.md\",\n  \"continuity_dir\": \"/Users/raj/Developer/PECS/.pecs/continuity\",\n  \"continuity_hydration_report\": \"/Users/raj/Developer/PECS/.pecs/continuity/continuity_hydration_report.json\",\n  \"current_workspace_focus\": \"/Users/raj/Developer/PECS/.pecs/continuity/current_workspace_focus.md\",\n  \"engineering_continuity_state\": \"/Users/raj/Developer/PECS/.pecs/continuity/engineering_continuity_state.json\",\n  \"locality_state\": \"/Users/raj/Developer/PECS/.pecs/continuity/locality_state.json\",\n  \"unresolved_tensions\": \"/Users/raj/Developer/PECS/.pecs/continuity/unresolved_tensions.md\"\n}"}}
{"ts": "2026-05-22T18:18:26.274717Z", "event": "continuity_refresh_completed", "details": {"trigger": "runtime_topology", "status": "success"}}
{"ts": "2026-05-22T18:18:26.276459Z", "event": "file_change_detected", "details": {"path": "install_workspace_integration.py"}}
{"ts": "2026-05-22T18:18:26.276704Z", "event": "topology_rebuild_started", "details": {"changed_files": ["install_workspace_integration.py"]}}
{"ts": "2026-05-22T18:18:26.496586Z", "event": "topology_rebuild_completed", "details": {"runtime_reachable_files": 28, "topology_edge_count": 49}}
{"ts": "2026-05-23T13:11:57.998429Z", "event": "file_change_detected", "details": {"path": "runtime/runtime_telemetry.py"}}
{"ts": "2026-05-23T13:11:58.037447Z", "event": "topology_rebuild_started", "details": {"changed_files": ["runtime/runtime_telemetry.py"]}}
{"ts": "2026-05-23T13:12:00.201191Z", "event": "topology_rebuild_completed", "details": {"runtime_reachable_files": 28, "topology_edge_count": 49}}
{"ts": "2026-05-23T13:12:00.204784Z", "event": "continuity_refresh_started", "details": {"trigger": "runtime_topology", "reason": "runtime topology rebuild"}}
{"ts": "2026-05-23T13:12:00.998965Z", "event": "bridge_execution_succeeded", "details": {"cmd": ["/Users/raj/Developer/PECS/.venv/bin/python", "/Users/raj/Developer/PECS/.pecs/bridge/run_bridge.py", "refresh", "--workspace", "/Users/raj/Developer/PECS"], "stdout": "{\n  \"active_topology\": \"/Users/raj/Developer/PECS/.pecs/continuity/active_topology.json\",\n  \"architectural_decisions\": \"/Users/raj/Developer/PECS/.pecs/continuity/architectural_decisions.md\",\n  \"continuity_dir\": \"/Users/raj/Developer/PECS/.pecs/continuity\",\n  \"continuity_hydration_report\": \"/Users/raj/Developer/PECS/.pecs/continuity/continuity_hydration_report.json\",\n  \"current_workspace_focus\": \"/Users/raj/Developer/PECS/.pecs/continuity/current_workspace_focus.md\",\n  \"engineering_continuity_state\": \"/Users/raj/Developer/PECS/.pecs/continuity/engineering_continuity_state.json\",\n  \"locality_state\": \"/Users/raj/Developer/PECS/.pecs/continuity/locality_state.json\",\n  \"unresolved_tensions\": \"/Users/raj/Developer/PECS/.pecs/continuity/unresolved_tensions.md\"\n}"}}
{"ts": "2026-05-23T13:12:01.002931Z", "event": "continuity_refresh_completed", "details": {"trigger": "runtime_topology", "status": "success"}}
{"ts": "2026-05-23T13:12:01.006544Z", "event": "file_change_detected", "details": {"path": "runtime/runtime_telemetry.py"}}
{"ts": "2026-05-23T13:12:01.007393Z", "event": "topology_rebuild_started", "details": {"changed_files": ["runtime/runtime_telemetry.py"]}}
{"ts": "2026-05-23T13:12:02.041239Z", "event": "topology_rebuild_completed", "details": {"runtime_reachable_files": 28, "topology_edge_count": 49}}
{"ts": "2026-05-23T13:12:02.044871Z", "event": "file_change_detected", "details": {"path": "runtime/runtime_telemetry.py"}}
{"ts": "2026-05-23T13:12:02.045414Z", "event": "topology_rebuild_started", "details": {"changed_files": ["runtime/runtime_telemetry.py"]}}
{"ts": "2026-05-23T13:12:02.642236Z", "event": "topology_rebuild_completed", "details": {"runtime_reachable_files": 28, "topology_edge_count": 49}}
{"ts": "2026-05-23T13:13:24.141415Z", "event": "file_change_detected", "details": {"path": "runtime/runtime_telemetry.py"}}
{"ts": "2026-05-23T13:13:24.147780Z", "event": "topology_rebuild_started", "details": {"changed_files": ["runtime/runtime_telemetry.py"]}}
{"ts": "2026-05-23T13:13:24.541338Z", "event": "topology_rebuild_completed", "details": {"runtime_reachable_files": 28, "topology_edge_count": 49}}
{"ts": "2026-05-23T13:13:24.541402Z", "event": "continuity_refresh_started", "details": {"trigger": "runtime_topology", "reason": "runtime topology rebuild"}}
{"ts": "2026-05-23T13:13:24.721502Z", "event": "bridge_execution_succeeded", "details": {"cmd": ["/Users/raj/Developer/PECS/.venv/bin/python", "/Users/raj/Developer/PECS/.pecs/bridge/run_bridge.py", "refresh", "--workspace", "/Users/raj/Developer/PECS"], "stdout": "{\n  \"active_topology\": \"/Users/raj/Developer/PECS/.pecs/continuity/active_topology.json\",\n  \"architectural_decisions\": \"/Users/raj/Developer/PECS/.pecs/continuity/architectural_decisions.md\",\n  \"continuity_dir\": \"/Users/raj/Developer/PECS/.pecs/continuity\",\n  \"continuity_hydration_report\": \"/Users/raj/Developer/PECS/.pecs/continuity/continuity_hydration_report.json\",\n  \"current_workspace_focus\": \"/Users/raj/Developer/PECS/.pecs/continuity/current_workspace_focus.md\",\n  \"engineering_continuity_state\": \"/Users/raj/Developer/PECS/.pecs/continuity/engineering_continuity_state.json\",\n  \"locality_state\": \"/Users/raj/Developer/PECS/.pecs/continuity/locality_state.json\",\n  \"unresolved_tensions\": \"/Users/raj/Developer/PECS/.pecs/continuity/unresolved_tensions.md\"\n}"}}
{"ts": "2026-05-23T13:13:24.722290Z", "event": "continuity_refresh_completed", "details": {"trigger": "runtime_topology", "status": "success"}}
{"ts": "2026-05-23T13:13:29.177094Z", "event": "file_change_detected", "details": {"path": "runtime/daemon/workspace_continuity_daemon.py"}}
{"ts": "2026-05-23T13:13:29.178330Z", "event": "topology_rebuild_started", "details": {"changed_files": ["runtime/daemon/workspace_continuity_daemon.py"]}}
{"ts": "2026-05-23T13:13:29.436070Z", "event": "topology_rebuild_completed", "details": {"runtime_reachable_files": 21, "topology_edge_count": 36}}
{"ts": "2026-05-23T13:13:38.999599Z", "event": "file_change_detected", "details": {"path": "runtime/daemon/workspace_continuity_daemon.py"}}
{"ts": "2026-05-23T13:13:39.000812Z", "event": "topology_rebuild_started", "details": {"changed_files": ["runtime/daemon/workspace_continuity_daemon.py"]}}
{"ts": "2026-05-23T13:13:39.187048Z", "event": "topology_rebuild_completed", "details": {"runtime_reachable_files": 21, "topology_edge_count": 36}}
{"ts": "2026-05-23T13:18:54.006243Z", "event": "file_change_detected", "details": {"path": "runtime/daemon/workspace_continuity_daemon.py"}}
{"ts": "2026-05-23T13:18:54.010360Z", "event": "topology_rebuild_started", "details": {"changed_files": ["runtime/daemon/workspace_continuity_daemon.py"]}}
{"ts": "2026-05-23T13:18:54.228931Z", "event": "topology_rebuild_completed", "details": {"runtime_reachable_files": 21, "topology_edge_count": 36}}
{"ts": "2026-05-23T13:18:54.228996Z", "event": "continuity_refresh_started", "details": {"trigger": "runtime_topology", "reason": "runtime topology rebuild"}}
{"ts": "2026-05-23T13:18:54.382618Z", "event": "bridge_execution_succeeded", "details": {"cmd": ["/Users/raj/Developer/PECS/.venv/bin/python", "/Users/raj/Developer/PECS/.pecs/bridge/run_bridge.py", "refresh", "--workspace", "/Users/raj/Developer/PECS"], "stdout": "{\n  \"active_topology\": \"/Users/raj/Developer/PECS/.pecs/continuity/active_topology.json\",\n  \"architectural_decisions\": \"/Users/raj/Developer/PECS/.pecs/continuity/architectural_decisions.md\",\n  \"continuity_dir\": \"/Users/raj/Developer/PECS/.pecs/continuity\",\n  \"continuity_hydration_report\": \"/Users/raj/Developer/PECS/.pecs/continuity/continuity_hydration_report.json\",\n  \"current_workspace_focus\": \"/Users/raj/Developer/PECS/.pecs/continuity/current_workspace_focus.md\",\n  \"engineering_continuity_state\": \"/Users/raj/Developer/PECS/.pecs/continuity/engineering_continuity_state.json\",\n  \"locality_state\": \"/Users/raj/Developer/PECS/.pecs/continuity/locality_state.json\",\n  \"unresolved_tensions\": \"/Users/raj/Developer/PECS/.pecs/continuity/unresolved_tensions.md\"\n}"}}
{"ts": "2026-05-23T13:18:54.383054Z", "event": "continuity_refresh_completed", "details": {"trigger": "runtime_topology", "status": "success"}}
{"ts": "2026-05-23T13:19:03.456158Z", "event": "file_change_detected", "details": {"path": "runtime/daemon/workspace_continuity_daemon.py"}}
{"ts": "2026-05-23T13:19:03.456742Z", "event": "topology_rebuild_started", "details": {"changed_files": ["runtime/daemon/workspace_continuity_daemon.py"]}}
{"ts": "2026-05-23T13:19:03.690737Z", "event": "topology_rebuild_completed", "details": {"runtime_reachable_files": 29, "topology_edge_count": 50}}
{"ts": "2026-05-23T13:19:54.548972Z", "event": "file_change_detected", "details": {"path": "runtime/daemon/workspace_continuity_daemon.py"}}
{"ts": "2026-05-23T13:19:54.550627Z", "event": "topology_rebuild_started", "details": {"changed_files": ["runtime/daemon/workspace_continuity_daemon.py"]}}
{"ts": "2026-05-23T13:19:54.786150Z", "event": "topology_rebuild_completed", "details": {"runtime_reachable_files": 29, "topology_edge_count": 50}}
{"ts": "2026-05-23T13:19:54.786230Z", "event": "continuity_refresh_started", "details": {"trigger": "runtime_topology", "reason": "runtime topology rebuild"}}
{"ts": "2026-05-23T13:19:54.884289Z", "event": "bridge_execution_succeeded", "details": {"cmd": ["/Users/raj/Developer/PECS/.venv/bin/python", "/Users/raj/Developer/PECS/.pecs/bridge/run_bridge.py", "refresh", "--workspace", "/Users/raj/Developer/PECS"], "stdout": "{\n  \"active_topology\": \"/Users/raj/Developer/PECS/.pecs/continuity/active_topology.json\",\n  \"architectural_decisions\": \"/Users/raj/Developer/PECS/.pecs/continuity/architectural_decisions.md\",\n  \"continuity_dir\": \"/Users/raj/Developer/PECS/.pecs/continuity\",\n  \"continuity_hydration_report\": \"/Users/raj/Developer/PECS/.pecs/continuity/continuity_hydration_report.json\",\n  \"current_workspace_focus\": \"/Users/raj/Developer/PECS/.pecs/continuity/current_workspace_focus.md\",\n  \"engineering_continuity_state\": \"/Users/raj/Developer/PECS/.pecs/continuity/engineering_continuity_state.json\",\n  \"locality_state\": \"/Users/raj/Developer/PECS/.pecs/continuity/locality_state.json\",\n  \"unresolved_tensions\": \"/Users/raj/Developer/PECS/.pecs/continuity/unresolved_tensions.md\"\n}"}}
{"ts": "2026-05-23T13:19:54.884695Z", "event": "continuity_refresh_completed", "details": {"trigger": "runtime_topology", "status": "success"}}
{"ts": "2026-05-23T13:20:06.658617Z", "event": "file_change_detected", "details": {"path": "runtime/daemon/workspace_continuity_daemon.py"}}
{"ts": "2026-05-23T13:20:06.662253Z", "event": "topology_rebuild_started", "details": {"changed_files": ["runtime/daemon/workspace_continuity_daemon.py"]}}
{"ts": "2026-05-23T13:20:06.919902Z", "event": "topology_rebuild_completed", "details": {"runtime_reachable_files": 29, "topology_edge_count": 50}}
{"ts": "2026-05-23T13:20:06.920680Z", "event": "file_change_detected", "details": {"path": "runtime/daemon/workspace_continuity_daemon.py"}}
{"ts": "2026-05-23T13:20:06.920873Z", "event": "topology_rebuild_started", "details": {"changed_files": ["runtime/daemon/workspace_continuity_daemon.py"]}}
{"ts": "2026-05-23T13:20:07.162654Z", "event": "topology_rebuild_completed", "details": {"runtime_reachable_files": 29, "topology_edge_count": 50}}
{"ts": "2026-05-23T13:20:21.816786Z", "event": "file_change_detected", "details": {"path": "integrations/copilot_adapter.py"}}
{"ts": "2026-05-23T13:20:21.817487Z", "event": "topology_rebuild_started", "details": {"changed_files": ["integrations/copilot_adapter.py"]}}
{"ts": "2026-05-23T13:20:22.045626Z", "event": "topology_rebuild_completed", "details": {"runtime_reachable_files": 29, "topology_edge_count": 50}}
{"ts": "2026-05-23T13:20:22.046336Z", "event": "file_change_detected", "details": {"path": "integrations/continue_adapter.py"}}
{"ts": "2026-05-23T13:20:22.046507Z", "event": "topology_rebuild_started", "details": {"changed_files": ["integrations/continue_adapter.py"]}}
{"ts": "2026-05-23T13:20:22.268939Z", "event": "topology_rebuild_completed", "details": {"runtime_reachable_files": 29, "topology_edge_count": 50}}
{"ts": "2026-05-23T13:20:37.972010Z", "event": "file_change_detected", "details": {"path": "integrations/pecs_pro_query_adapter.py"}}
{"ts": "2026-05-23T13:20:37.973032Z", "event": "topology_rebuild_started", "details": {"changed_files": ["integrations/pecs_pro_query_adapter.py"]}}
{"ts": "2026-05-23T13:20:38.220165Z", "event": "topology_rebuild_completed", "details": {"runtime_reachable_files": 29, "topology_edge_count": 50}}
{"ts": "2026-05-23T13:20:38.220882Z", "event": "file_change_detected", "details": {"path": "integrations/pecs_pro_query_adapter.py"}}
{"ts": "2026-05-23T13:20:38.221063Z", "event": "topology_rebuild_started", "details": {"changed_files": ["integrations/pecs_pro_query_adapter.py"]}}
{"ts": "2026-05-23T13:20:38.467042Z", "event": "topology_rebuild_completed", "details": {"runtime_reachable_files": 29, "topology_edge_count": 50}}
{"ts": "2026-05-23T13:20:48.201016Z", "event": "file_change_detected", "details": {"path": "integrations/pecs_pro_query_adapter.py"}}
{"ts": "2026-05-23T13:20:48.201890Z", "event": "topology_rebuild_started", "details": {"changed_files": ["integrations/pecs_pro_query_adapter.py"]}}
{"ts": "2026-05-23T13:20:48.435637Z", "event": "topology_rebuild_completed", "details": {"runtime_reachable_files": 29, "topology_edge_count": 50}}
{"ts": "2026-05-23T13:20:56.236598Z", "event": "file_change_detected", "details": {"path": "topology/retrieval/topology_retriever.py"}}
{"ts": "2026-05-23T13:20:56.237247Z", "event": "topology_rebuild_started", "details": {"changed_files": ["topology/retrieval/topology_retriever.py"]}}
{"ts": "2026-05-23T13:20:56.525433Z", "event": "topology_rebuild_completed", "details": {"runtime_reachable_files": 29, "topology_edge_count": 51}}
{"ts": "2026-05-23T13:20:56.525493Z", "event": "continuity_refresh_started", "details": {"trigger": "runtime_topology", "reason": "runtime topology rebuild"}}
{"ts": "2026-05-23T13:20:56.616553Z", "event": "bridge_execution_succeeded", "details": {"cmd": ["/Users/raj/Developer/PECS/.venv/bin/python", "/Users/raj/Developer/PECS/.pecs/bridge/run_bridge.py", "refresh", "--workspace", "/Users/raj/Developer/PECS"], "stdout": "{\n  \"active_topology\": \"/Users/raj/Developer/PECS/.pecs/continuity/active_topology.json\",\n  \"architectural_decisions\": \"/Users/raj/Developer/PECS/.pecs/continuity/architectural_decisions.md\",\n  \"continuity_dir\": \"/Users/raj/Developer/PECS/.pecs/continuity\",\n  \"continuity_hydration_report\": \"/Users/raj/Developer/PECS/.pecs/continuity/continuity_hydration_report.json\",\n  \"current_workspace_focus\": \"/Users/raj/Developer/PECS/.pecs/continuity/current_workspace_focus.md\",\n  \"engineering_continuity_state\": \"/Users/raj/Developer/PECS/.pecs/continuity/engineering_continuity_state.json\",\n  \"locality_state\": \"/Users/raj/Developer/PECS/.pecs/continuity/locality_state.json\",\n  \"unresolved_tensions\": \"/Users/raj/Developer/PECS/.pecs/continuity/unresolved_tensions.md\"\n}"}}
{"ts": "2026-05-23T13:20:56.616927Z", "event": "continuity_refresh_completed", "details": {"trigger": "runtime_topology", "status": "success"}}
{"ts": "2026-05-23T13:21:05.509378Z", "event": "file_change_detected", "details": {"path": "topology/retrieval/topology_retriever.py"}}
{"ts": "2026-05-23T13:21:05.510873Z", "event": "topology_rebuild_started", "details": {"changed_files": ["topology/retrieval/topology_retriever.py"]}}
{"ts": "2026-05-23T13:21:05.784194Z", "event": "topology_rebuild_completed", "details": {"runtime_reachable_files": 29, "topology_edge_count": 51}}
{"ts": "2026-05-23T13:21:25.952687Z", "event": "file_change_detected", "details": {"path": "runtime/daemon/workspace_continuity_daemon.py"}}
{"ts": "2026-05-23T13:21:25.953269Z", "event": "topology_rebuild_started", "details": {"changed_files": ["runtime/daemon/workspace_continuity_daemon.py"]}}
{"ts": "2026-05-23T13:21:26.199584Z", "event": "topology_rebuild_completed", "details": {"runtime_reachable_files": 29, "topology_edge_count": 51}}
{"ts": "2026-05-23T13:21:34.929851Z", "event": "file_change_detected", "details": {"path": "runtime/daemon/workspace_continuity_daemon.py"}}
{"ts": "2026-05-23T13:21:34.931396Z", "event": "topology_rebuild_started", "details": {"changed_files": ["runtime/daemon/workspace_continuity_daemon.py"]}}
{"ts": "2026-05-23T13:21:35.221702Z", "event": "topology_rebuild_completed", "details": {"runtime_reachable_files": 29, "topology_edge_count": 51}}
{"ts": "2026-05-23T13:21:35.222666Z", "event": "file_change_detected", "details": {"path": "runtime/daemon/workspace_continuity_daemon.py"}}
{"ts": "2026-05-23T13:21:35.222882Z", "event": "topology_rebuild_started", "details": {"changed_files": ["runtime/daemon/workspace_continuity_daemon.py"]}}
{"ts": "2026-05-23T13:21:35.529821Z", "event": "topology_rebuild_completed", "details": {"runtime_reachable_files": 29, "topology_edge_count": 51}}
{"ts": "2026-05-23T13:21:48.370851Z", "event": "file_change_detected", "details": {"path": "integrations/pecs_pro_query_adapter.py"}}
{"ts": "2026-05-23T13:21:48.371443Z", "event": "topology_rebuild_started", "details": {"changed_files": ["integrations/pecs_pro_query_adapter.py"]}}
{"ts": "2026-05-23T13:21:48.623607Z", "event": "topology_rebuild_completed", "details": {"runtime_reachable_files": 29, "topology_edge_count": 51}}
{"ts": "2026-05-23T13:39:25.777441Z", "event": "file_change_detected", "details": {"path": "runtime/daemon/workspace_continuity_daemon.py"}}
{"ts": "2026-05-23T13:39:25.785380Z", "event": "topology_rebuild_started", "details": {"changed_files": ["runtime/daemon/workspace_continuity_daemon.py"]}}
{"ts": "2026-05-23T13:39:26.028460Z", "event": "topology_rebuild_completed", "details": {"runtime_reachable_files": 29, "topology_edge_count": 51}}
{"ts": "2026-05-23T13:39:26.028626Z", "event": "continuity_refresh_started", "details": {"trigger": "runtime_topology", "reason": "runtime topology rebuild"}}
{"ts": "2026-05-23T13:39:26.113974Z", "event": "bridge_execution_succeeded", "details": {"cmd": ["/Users/raj/Developer/PECS/.venv/bin/python", "/Users/raj/Developer/PECS/.pecs/bridge/run_bridge.py", "refresh", "--workspace", "/Users/raj/Developer/PECS"], "stdout": "{\n  \"active_topology\": \"/Users/raj/Developer/PECS/.pecs/continuity/active_topology.json\",\n  \"architectural_decisions\": \"/Users/raj/Developer/PECS/.pecs/continuity/architectural_decisions.md\",\n  \"continuity_dir\": \"/Users/raj/Developer/PECS/.pecs/continuity\",\n  \"continuity_hydration_report\": \"/Users/raj/Developer/PECS/.pecs/continuity/continuity_hydration_report.json\",\n  \"current_workspace_focus\": \"/Users/raj/Developer/PECS/.pecs/continuity/current_workspace_focus.md\",\n  \"engineering_continuity_state\": \"/Users/raj/Developer/PECS/.pecs/continuity/engineering_continuity_state.json\",\n  \"locality_state\": \"/Users/raj/Developer/PECS/.pecs/continuity/locality_state.json\",\n  \"unresolved_tensions\": \"/Users/raj/Developer/PECS/.pecs/continuity/unresolved_tensions.md\"\n}"}}
{"ts": "2026-05-23T13:39:26.114468Z", "event": "continuity_refresh_completed", "details": {"trigger": "runtime_topology", "status": "success"}}
{"ts": "2026-05-23T13:39:26.116347Z", "event": "file_change_detected", "details": {"path": "integrations/continue_adapter.py"}}
{"ts": "2026-05-23T13:39:26.116601Z", "event": "topology_rebuild_started", "details": {"changed_files": ["integrations/continue_adapter.py"]}}
{"ts": "2026-05-23T13:39:26.422365Z", "event": "topology_rebuild_completed", "details": {"runtime_reachable_files": 29, "topology_edge_count": 51}}
{"ts": "2026-05-23T13:39:26.423002Z", "event": "file_change_detected", "details": {"path": "integrations/copilot_adapter.py"}}
{"ts": "2026-05-23T13:39:26.423193Z", "event": "topology_rebuild_started", "details": {"changed_files": ["integrations/copilot_adapter.py"]}}
{"ts": "2026-05-23T13:39:26.663321Z", "event": "topology_rebuild_completed", "details": {"runtime_reachable_files": 29, "topology_edge_count": 51}}
{"ts": "2026-05-23T13:39:26.664011Z", "event": "file_change_detected", "details": {"path": "topology/retrieval/topology_retriever.py"}}
{"ts": "2026-05-23T13:39:26.664184Z", "event": "topology_rebuild_started", "details": {"changed_files": ["topology/retrieval/topology_retriever.py"]}}
{"ts": "2026-05-23T13:39:26.892210Z", "event": "topology_rebuild_completed", "details": {"runtime_reachable_files": 29, "topology_edge_count": 51}}
{"ts": "2026-05-23T13:39:26.892789Z", "event": "file_change_detected", "details": {"path": "integrations/pecs_pro_query_adapter.py"}}
{"ts": "2026-05-23T13:39:26.892948Z", "event": "topology_rebuild_started", "details": {"changed_files": ["integrations/pecs_pro_query_adapter.py"]}}
{"ts": "2026-05-23T13:39:27.115950Z", "event": "topology_rebuild_completed", "details": {"runtime_reachable_files": 29, "topology_edge_count": 51}}
{"ts": "2026-05-23T13:39:27.116529Z", "event": "file_change_detected", "details": {"path": "integrations/copilot_adapter.py"}}
{"ts": "2026-05-23T13:39:27.116694Z", "event": "topology_rebuild_started", "details": {"changed_files": ["integrations/copilot_adapter.py"]}}
{"ts": "2026-05-23T13:39:27.366829Z", "event": "topology_rebuild_completed", "details": {"runtime_reachable_files": 29, "topology_edge_count": 51}}
{"ts": "2026-05-23T13:39:27.367392Z", "event": "file_change_detected", "details": {"path": "runtime/daemon/workspace_continuity_daemon.py"}}
{"ts": "2026-05-23T13:39:27.367554Z", "event": "topology_rebuild_started", "details": {"changed_files": ["runtime/daemon/workspace_continuity_daemon.py"]}}
{"ts": "2026-05-23T13:39:27.587689Z", "event": "topology_rebuild_completed", "details": {"runtime_reachable_files": 29, "topology_edge_count": 51}}
{"ts": "2026-05-23T13:39:27.588239Z", "event": "file_change_detected", "details": {"path": "integrations/continue_adapter.py"}}
{"ts": "2026-05-23T13:39:27.588400Z", "event": "topology_rebuild_started", "details": {"changed_files": ["integrations/continue_adapter.py"]}}
{"ts": "2026-05-23T13:39:27.810420Z", "event": "topology_rebuild_completed", "details": {"runtime_reachable_files": 29, "topology_edge_count": 51}}
{"ts": "2026-05-23T13:39:27.811022Z", "event": "file_change_detected", "details": {"path": "integrations/pecs_pro_query_adapter.py"}}
{"ts": "2026-05-23T13:39:27.811209Z", "event": "topology_rebuild_started", "details": {"changed_files": ["integrations/pecs_pro_query_adapter.py"]}}
{"ts": "2026-05-23T13:39:28.033791Z", "event": "topology_rebuild_completed", "details": {"runtime_reachable_files": 29, "topology_edge_count": 51}}
{"ts": "2026-05-23T13:39:28.034448Z", "event": "file_change_detected", "details": {"path": "topology/retrieval/topology_retriever.py"}}
{"ts": "2026-05-23T13:39:28.034624Z", "event": "topology_rebuild_started", "details": {"changed_files": ["topology/retrieval/topology_retriever.py"]}}
{"ts": "2026-05-23T13:39:28.257984Z", "event": "topology_rebuild_completed", "details": {"runtime_reachable_files": 29, "topology_edge_count": 51}}
